project_key	study_accession	bioproject	sra_study	organism	biological_material	assay	publication_status	target_rows	control_rows	replicate_design	deposited_build	recommended_build	priority_tier	default_decision	key_caveat	project_run_inventory	source_url
Kim2018_mm_ESC_BMDM	GSE81677	PRJNA322299	SRP075469	Mus musculus	ESCs; macrophages	PRO-cap	published	2	0	one library per cell type	mm9	mm39	1 — core	include	No within-condition biological replication.	Run crosswalk unresolved; SRX1781901 and SRX1781902 verified.	https://www.ncbi.nlm.nih.gov/geo/query/acc.cgi?acc=GSE81677
Liver_ChROcap_mm	GSE156828	PRJNA659369	SRP278822	Mus musculus	frozen liver	ChRO-cap	published	8	0	2 reps per age × sex stratum	mm10	mm39	1 — core	include	archive-resolved single-end: all 8 runs report library_layout=SINGLE with exactly one FASTQ, no nominal_length, and a uniform ~74.8 bp read. The earlier 'paired-end; RNA 5' end in R1 and RNA 3' end in R2' entry was wrong for the deposited data -- most likely a confusion with the sample names, which carry R1/R2 as the BIOLOGICAL REPLICATE (Old_Female_R1 / Old_Female_R2), not read 1 / read 2. ChRO-cap is cap-selected, so the single read's 5' end is the initiation site; confirm with the initiator logo from `snakemake qc`.	SRX9004528, SRX9004530, SRX9004533 verified; remaining runs unresolved.	https://www.ncbi.nlm.nih.gov/geo/query/acc.cgi?acc=GSE156828
Bcell_PROcap_mm	GSE202040	PRJNA834081		Mus musculus	primary activated and germinal-center B cells	PRO-cap	preprint/public record	3	0	priBd3 n=2; GCB n=1	mm10	mm39	2 — conditional	conditional	Targeted immunoglobulin biology and Drosophila spike-in.	Sample accessions verified; experiment/run crosswalk unresolved.	https://www.ncbi.nlm.nih.gov/geo/query/acc.cgi?acc=GSE202040
Kwak2013_dm_S2	GSE42117	PRJNA179188	SRP017121	Drosophila melanogaster	S2 cells	PRO-cap	published	1	0	single library	dm5.22 / dm3-era	dm6	1 — core	include	Legacy archive uses SRZ-style analysis inventory.	DBNascent inventory: SRZ611829, SRR611828, SRR611831, SRR611832, SRR611833, SRZ611824; no per-sample assertion.	https://www.ncbi.nlm.nih.gov/geo/query/acc.cgi?acc=GSE42117
Embryo_PROcap_dm	E-MTAB-6154			Drosophila melanogaster	whole embryos	PRO-cap	published	4	0	two developmental windows x 2 sequenced replicates	dm3	dm6	2 — conditional	conditional	Raw data are in ArrayExpress (E-MTAB-6154), which exposes no BioProject/SRA study; the ENA counterpart is ERP106976 / PRJEB25091, now recorded per sample.	ERR2319945-ERR2319948 (4 single-end runs)	https://www.ebi.ac.uk/biostudies/arrayexpress/studies/E-MTAB-6154
LacZ_PROcap_dm	GSE211397	PRJNA870098		Drosophila melanogaster	S2 cells	PRO-cap	published/public record	1	1	TAP+ with matched TAP− protocol control	dm6	dm6	1 — core	include	Mouse-MEF spike-in and TAP− negative control.	SRX17106104 verified for TAP+; TAP− run unresolved.	https://www.ncbi.nlm.nih.gov/geo/query/acc.cgi?acc=GSE211397
Duttke2017_dm_S2	GSE68677	PRJNA284402	SRP058504	Drosophila melanogaster	S2 cells	5′GRO / GRO-cap	unpublished public archive	2	0	2 biological replicates	dm3	dm6	2 — conditional	conditional	Unpublished; replicate-1 run unresolved.	SRR2033379 verified for replicate 2.	https://www.ncbi.nlm.nih.gov/geo/query/acc.cgi?acc=GSE68677
Kruesi2013_ce_GROcap	GSE43085	PRJNA184363	SRP017636	Caenorhabditis elegans	embryo, starved L1, L3	GRO-cap	published	4	4	TAP+ and TAP− protocol pairs; no biological replicate per state	WS230	ce11 / WBcel235	1 — core	include	Trans-splicing; TAP− rows are background controls only.	Project run inventory SRR639142–SRR639149; per-sample crosswalk not asserted.	https://www.ncbi.nlm.nih.gov/geo/query/acc.cgi?acc=GSE43085
Booth2016_yeast_PROcap	GSE76142	PRJNA306424	SRP067557	S. cerevisiae; S. pombe	wild-type yeast cultures	PRO-cap	published	2	0	one GEO sample per species; 2 technical sequencing runs each	sacCer3; ASM294v2	same/current PomBase	2 — conditional	conditional	archive-resolved: the 2 runs are technical replicates of ONE library, not a TAP+/TAP- pair. Both sit under a single SRA experiment (SRX1490952 / SRX1490953), which in SRA means one library sequenced twice; TAP+ and TAP- are different libraries and would be different SRX. All 10 samples in PRJNA306424 follow the same 2-runs-per-SRX pattern, including mRNAseq where TAP is meaningless, and no sample in the study is labelled TAP-/minus/control. No TAP- data was deposited.	SRR3031844+SRR3031845 (S.cerevisiae), SRR3031846+SRR3031847 (S.pombe); 2 runs per SRX	https://www.ncbi.nlm.nih.gov/geo/query/acc.cgi?acc=GSE76142
Ino80_PROcap_sc	GSE158622	PRJNA665997	SRP285540	Saccharomyces cerevisiae	yeast culture	PRO-cap	published	4	0	2 control + 2 Ino80-depletion replicates	sacCer3	sacCer3	1 — core controls	include	Perturbation samples should retain the Ino80 condition label.	Sample accessions verified; experiment/run crosswalk unresolved.	https://www.ncbi.nlm.nih.gov/geo/query/acc.cgi?acc=GSE158622
Spt5_PROcap_sc	GSE267734	PRJNA1105209		Saccharomyces cerevisiae	Spt5-AID yeast culture	PRO-cap / CAP	public study	6	0	2 reps for EtOH, IAA 1 h, IAA 4 h	sacCer3 + SpombeASMv2	sacCer3	1 — core controls	include	10-nt UMI in 3′ adaptor requires consistent preprocessing.	SRR29037350-56 (6 PRO-cap runs, SRX24562534-40); GSM->run mapping verified against ENA: the six PRO-cap runs of PRJNA1105209 carry aliases that are exactly this sample_name with 'rep' abbreviated to 'r' (CAP_SPT5_EtOH_1h_rep1 -> CAP_SPT5_EtOH_1h_r1), the mapping is bijective across all six, and every run's alias condition agrees with the experiment it was assigned to. Not a weak match in substance.	https://www.ncbi.nlm.nih.gov/geo/query/acc.cgi?acc=GSE267734
Lam2013_mm_BMDM_5GRO	GSE45914	PRJNA196871	SRP021025	Mus musculus	bone-marrow-derived macrophages	5′GRO-seq	published	2	0	two conditions; not biological replicates	mm9	mm39	2 — conditional	conditional	Close equivalent, not canonical GRO-cap; conditions differ.	Project inventory includes SRR826227 and legacy SRZ accessions; no sample crosswalk asserted.	https://www.ncbi.nlm.nih.gov/geo/query/acc.cgi?acc=GSE45914
Hetzel2016_at_5GRO	GSE83108	PRJNA324774	SRP076266	Arabidopsis thaliana	6-day Col-0 seedlings	5′GRO-seq	published	1	0	single sample	TAIR10	TAIR10	2 — conditional	conditional	Single sample; RppH-based 5′ capture is a close equivalent.	SRX1830040 verified; run unresolved.	https://www.ncbi.nlm.nih.gov/geo/query/acc.cgi?acc=GSE83108
Link2018_mm_BMDM_GROcap	GSE109965		SRP131922	Mus musculus	bone-marrow-derived macrophages	GRO-cap	published	1	0	replicate 2 verified; replicate 1 unresolved	mm10	mm39	2 — conditional	conditional	Exact GEO sample/strain crosswalk and replicate 1 still need resolution.	SRR6660402 verified (single-end, forward, replicate 2).	https://www.ncbi.nlm.nih.gov/geo/query/acc.cgi?acc=GSE109965
Shamie2021_cg_5GRO	GSE159044	PRJNA667472	SRP286414	Cricetulus griseus	CHO-K1; BMDMs; brain, kidney, liver, lung	5′GRO-seq / GRO-cap	published	8	0	CHO n=2; other cap-positive biosamples n=1	PICR / GCF_003668045.1	CriGri-PICRH-1.0 / GCF_003668045.3	2 — conditional	conditional	Sparse replication outside CHO. Matched ordinary GRO-seq libraries are background/input controls, not cap-positive targets. CriGri-PICRH-1.0 assembles only 10 chromosomes (2-10, X); chromosome 1 is unplaced as RAZU02000001.1 + RAZU02000002.1 (550 Mb). Liver_GROCap1 is shallow at 5.4 M reads.	All 8 GRO-cap runs resolved: GSM4818113-4818120 -> SRX9245445-9245452 -> SRR12774945-12774952, all single-end. The matched GSM4818105-4818112 (*_GRO1) are ordinary GRO-seq inputs and are excluded as targets.	https://www.ncbi.nlm.nih.gov/geo/query/acc.cgi?acc=GSE159044
McDonald2024_plant_5GRO	GSE233927	PRJNA978596	SRP440722	Chlamydomonas reinhardtii; Physcomitrium patens; Selaginella moellendorffii	liquid culture; plate culture; stems and leaves	5′GRO-seq	published	4	0	C. reinhardtii n=2; P. patens n=1; S. moellendorffii n=1	Chlamydomonas v5.5; Phypa V3; Selaginella v1.0	same study assemblies; reassess before cross-study alignment	2 — conditional	conditional	Authors note variable 5′GRO quality and replication is sparse. Matched ordinary GRO tracks are inputs, not cap-positive targets. S. moellendorffii v1.0 has NO chromosomes (759 scaffolds), so it needs peak-level folds.	All 4 5'GRO-seq runs resolved: SRX20570354/SRR24798072 (C.rein r1, blank in the source manifest), SRX20570355/SRR24798065 (C.rein r2), SRX20570372/SRR24798050 (P.patens), SRX20570379/SRR24798043 (S.moellendorffii). PRJNA978596 holds 68 runs over 8 species; fetch only these 4.	https://www.ncbi.nlm.nih.gov/geo/query/acc.cgi?acc=GSE233927
Tome2018_mm_CoPRO	GSE116472	PRJNA478717	SRP151707	Mus musculus	mouse embryonic fibroblasts	CoPRO capped fraction	published	2	0	one capped library per heat-shock condition	GEO lists hg19; inconsistent with Mus musculus	mm39	2 — conditional	conditional	One library per condition; paired-end CoPRO is a derivative rather than canonical PRO-cap. Drosophila S2 spike-in; deposited build metadata are inconsistent. ENA reports both mouse runs SINGLE (1 FASTQ, no nominal_length, 76.0 bp), so the manifest's paired-end claim does not describe the deposit; five_prime_mate does not apply.	Both runs resolved: SRX4328906/SRR7458428 (NHS), SRX4328907/SRR7458429 (HS). PRJNA478717 is 18 human + 2 mouse runs, which is where GEO's hg19 label comes from; the 2 mouse capped libraries are the targets.	https://www.ncbi.nlm.nih.gov/geo/query/acc.cgi?acc=GSE116472
Wen2026_cotton_GROcap	PRJCA024429	PRJDB41007		Gossypium arboreum; Gossypium hirsutum	ovule outer integument	GRO-cap	published	4	0	G. arboreum (AA, diploid) n=2; G. hirsutum (AD, tetraploid) n=2	unstated in PMC copy	ASM2569848v2 (GCF_025698485.1); Gossypium_hirsutum_v2.1 (GCF_007990345.1)	conditional	include	tetraploid AD1 has two ~96%-identical subgenomes, so the MAPQ 255 unique filter discards homoeologous multimappers -- worst for the short GRO-cap inserts, where a 30 bp window may hold no distinguishing difference; paper reports 124M unique of 577M pairs with relaxed STAR settings. 150bp PE, 82.5 GiB. library_strategy mislabelled miRNA-Seq in the archive. Paper deduplicates with Picard despite no UMI; this pipeline deliberately does not	DRR991137-DRR991140 (4 runs, 1,075.6M pairs)	https://doi.org/10.1186/s13059-025-03907-w
