project_key	study_accession	sample_accession	sample_name	sra_experiment	organism	assay_label	target_use	default_include	run_accession	library_layout	read_count	base_count	fastq_bytes	fastq_ftp	fastq_md5	match_basis
Kim2018_mm_ESC_BMDM	GSE81677	GSM2170014	Pro-cap ESC	SRX1781901	Mus musculus	PRO-cap	target	include	SRR3555068	SINGLE	42127188	2148486588	2055528152	ftp.sra.ebi.ac.uk/vol1/fastq/SRR355/008/SRR3555068/SRR3555068.fastq.gz	bcee470dc26cffaeff55213045edfbc0	sra_experiment
Kim2018_mm_ESC_BMDM	GSE81677	GSM2170016	Pro-cap Macrophage	SRX1781902	Mus musculus	PRO-cap	target	include	SRR3555069	SINGLE	25969676	1324453476	1236415227	ftp.sra.ebi.ac.uk/vol1/fastq/SRR355/009/SRR3555069/SRR3555069.fastq.gz	4414d9e805209eec2079caec3ee2b5f7	sra_experiment
Liver_ChROcap_mm	GSE156828	GSM4745119	Old_Female_R1	SRX9004528	Mus musculus	ChRO-cap (deposited as PRO-cap)	target	include	SRR12513902	SINGLE	50229490	3739463285	1582631325	ftp.sra.ebi.ac.uk/vol1/fastq/SRR125/002/SRR12513902/SRR12513902.fastq.gz	1e787041e9f90d5526b6c927cba29e6f	sra_experiment
Liver_ChROcap_mm	GSE156828	GSM4745120	Old_Female_R2		Mus musculus	ChRO-cap (deposited as PRO-cap)	target	include	SRR12513903	SINGLE	46685786	3492283107	1448974908	ftp.sra.ebi.ac.uk/vol1/fastq/SRR125/003/SRR12513903/SRR12513903.fastq.gz	820d6dac0939867e3e16fe140695433b	geo sample_alias
Liver_ChROcap_mm	GSE156828	GSM4745121	Old_Male_R1	SRX9004530	Mus musculus	ChRO-cap (deposited as PRO-cap)	target	include	SRR12513904	SINGLE	47923246	3580993348	1526550614	ftp.sra.ebi.ac.uk/vol1/fastq/SRR125/004/SRR12513904/SRR12513904.fastq.gz	138b59c87d666fcebf20f63533427e0e	sra_experiment
Liver_ChROcap_mm	GSE156828	GSM4745122	Old_Male_R2		Mus musculus	ChRO-cap (deposited as PRO-cap)	target	include	SRR12513905	SINGLE	54640236	4086783187	1699151719	ftp.sra.ebi.ac.uk/vol1/fastq/SRR125/005/SRR12513905/SRR12513905.fastq.gz	425cc698a9d930446e1506e9115e6e83	geo sample_alias
Liver_ChROcap_mm	GSE156828	GSM4745123	Young_Female_R1		Mus musculus	ChRO-cap (deposited as PRO-cap)	target	include	SRR12513906	SINGLE	47434077	3552672114	1412459539	ftp.sra.ebi.ac.uk/vol1/fastq/SRR125/006/SRR12513906/SRR12513906.fastq.gz	02951e3e02769f17498fb5ff5bf2a5ba	geo sample_alias
Liver_ChROcap_mm	GSE156828	GSM4745124	Young_Female_R2	SRX9004533	Mus musculus	ChRO-cap (deposited as PRO-cap)	target	include	SRR12513907	SINGLE	68066219	5091664912	2146422454	ftp.sra.ebi.ac.uk/vol1/fastq/SRR125/007/SRR12513907/SRR12513907.fastq.gz	4901b39c3f39ddd066ff7d6345ddf837	sra_experiment
Liver_ChROcap_mm	GSE156828	GSM4745125	Young_Male_R1		Mus musculus	ChRO-cap (deposited as PRO-cap)	target	include	SRR12513908	SINGLE	67691264	5063744044	2114467385	ftp.sra.ebi.ac.uk/vol1/fastq/SRR125/008/SRR12513908/SRR12513908.fastq.gz	8c5ecf39ca7f135f05aeca49bef4b9c9	geo sample_alias
Liver_ChROcap_mm	GSE156828	GSM4745126	Young_Male_R2		Mus musculus	ChRO-cap (deposited as PRO-cap)	target	include	SRR12513909	SINGLE	37640709	2817102960	1172408916	ftp.sra.ebi.ac.uk/vol1/fastq/SRR125/009/SRR12513909/SRR12513909.fastq.gz	6d4a8c8f4a455fe5a9c8c80f980b0773	geo sample_alias
Bcell_PROcap_mm	GSE202040	GSM6090081	priBd3_B18hi_cap1		Mus musculus	PRO-cap	target	conditional	SRR19034546	SINGLE	22307854	1115392700	702066180	ftp.sra.ebi.ac.uk/vol1/fastq/SRR190/046/SRR19034546/SRR19034546.fastq.gz	3234ca9a05cd9c96a1cbf88d6161b3f1	geo sample_alias
Bcell_PROcap_mm	GSE202040	GSM6090082	priBd3_B18hi_cap2		Mus musculus	PRO-cap	target	conditional	SRR19034545	SINGLE	28142369	1407118450	885834698	ftp.sra.ebi.ac.uk/vol1/fastq/SRR190/045/SRR19034545/SRR19034545.fastq.gz	12893e4e7c39cd6534cf7fa96136ea2e	geo sample_alias
Bcell_PROcap_mm	GSE202040	GSM6090083	GCB_B18hi_cap		Mus musculus	PRO-cap	target	conditional	SRR19034544	SINGLE	404607360	60691104000	21676566928	ftp.sra.ebi.ac.uk/vol1/fastq/SRR190/044/SRR19034544/SRR19034544.fastq.gz	65e781ceaf635ceccf259f840946ac5d	geo sample_alias
Kwak2013_dm_S2	GSE42117	GSM1032759	Drosophila S2 cell line [PRO-cap_01]	SRX203293	Drosophila melanogaster	PRO-cap	target	include	SRR611829;SRR611830	SINGLE	17525374;30238470	771116456;1330492680	614800310;1182044086	ftp.sra.ebi.ac.uk/vol1/fastq/SRR611/SRR611829/SRR611829.fastq.gz;ftp.sra.ebi.ac.uk/vol1/fastq/SRR611/SRR611830/SRR611830.fastq.gz	108c080a09e5d2c11d9da5db59af31ed;9f0b82b3edd717a7f32bb3773ea289db	sra_experiment
Embryo_PROcap_dm	E-MTAB-6154	SAMEA104604686	PROseq_PROcap34h1		Drosophila melanogaster	PRO-cap	target	conditional	ERR2319945	SINGLE	45295387	2264769350	1673934628	ftp.sra.ebi.ac.uk/vol1/fastq/ERR231/005/ERR2319945/ERR2319945.fastq.gz	af036688ce59b88a6c55d7aae57944c6	manifest (already resolved)
Embryo_PROcap_dm	E-MTAB-6154	SAMEA104604687	PROseq_PROcap34h2		Drosophila melanogaster	PRO-cap	target	conditional	ERR2319946	SINGLE	35608646	1780432300	1337508514	ftp.sra.ebi.ac.uk/vol1/fastq/ERR231/006/ERR2319946/ERR2319946.fastq.gz	8ef87d9e72b2cd23963ef19181310958	manifest (already resolved)
Embryo_PROcap_dm	E-MTAB-6154	SAMEA104604688	PROseq_PROcap68h2		Drosophila melanogaster	PRO-cap	target	conditional	ERR2319947	SINGLE	24422554	1245550254	878132976	ftp.sra.ebi.ac.uk/vol1/fastq/ERR231/007/ERR2319947/ERR2319947.fastq.gz	51e133a857729b3f8ad23fce901958b8	manifest (already resolved)
Embryo_PROcap_dm	E-MTAB-6154	SAMEA104604689	PROseq_PROcap68h3		Drosophila melanogaster	PRO-cap	target	conditional	ERR2319948	SINGLE	36362701	1818135050	1376971706	ftp.sra.ebi.ac.uk/vol1/fastq/ERR231/008/ERR2319948/ERR2319948.fastq.gz	99b36f351c89442b35d01e72c4dae1f0	manifest (already resolved)
LacZ_PROcap_dm	GSE211397	GSM6469486	PROcap_LacZKD (TAP+)	SRX17106104	Drosophila melanogaster	PRO-cap	target	include	SRR21091506	SINGLE	27276810	1377274139	511049019	ftp.sra.ebi.ac.uk/vol1/fastq/SRR210/006/SRR21091506/SRR21091506.fastq.gz	b543c01400b19a343c0207280133e652	sra_experiment
LacZ_PROcap_dm	GSE211397	GSM6469487	PROcap_LacZKD_noTAP (TAP−)		Drosophila melanogaster	PRO-cap	control	exclude	SRR21091505	SINGLE	42886855	2169541508	870806708	ftp.sra.ebi.ac.uk/vol1/fastq/SRR210/005/SRR21091505/SRR21091505.fastq.gz	6a61c0c4776315e2538a47f4c217e967	geo sample_alias
Duttke2017_dm_S2	GSE68677	GSM1678908	S2_GRO5_r1		Drosophila melanogaster	5′GRO / GRO-cap	target	conditional	SRR2033378	SINGLE	36974766	1885713066	1723114471	ftp.sra.ebi.ac.uk/vol1/fastq/SRR203/008/SRR2033378/SRR2033378.fastq.gz	b8f9970c728e2d8b535917ad96d564d3	geo sample_alias
Duttke2017_dm_S2	GSE68677	GSM1678910	S2_GRO5_r2		Drosophila melanogaster	5′GRO / GRO-cap	target	conditional	SRR2033379	SINGLE	24110654	1229643354	1125689577	ftp.sra.ebi.ac.uk/vol1/fastq/SRR203/009/SRR2033379/SRR2033379.fastq.gz	c292d19205002a70d71629a35686b784	manifest (already resolved)
Kruesi2013_ce_GROcap	GSE43085	GSM1056284	N2 embryo TAP+	SRX212227	Caenorhabditis elegans	GRO-cap	target	include	SRR639142	SINGLE	59707259	1791217770	1833124052	ftp.sra.ebi.ac.uk/vol1/fastq/SRR639/SRR639142/SRR639142.fastq.gz	8de1b13a9afb9eac026c4f17fe91262e	sra_experiment
Kruesi2013_ce_GROcap	GSE43085	GSM1056285	N2 embryo TAP−	SRX212228	Caenorhabditis elegans	GRO-cap	control	exclude	SRR639143	SINGLE	20264019	607920570	660487174	ftp.sra.ebi.ac.uk/vol1/fastq/SRR639/SRR639143/SRR639143.fastq.gz	d4d8212f0315fb223bfbdb1c3f82e45f	sra_experiment
Kruesi2013_ce_GROcap	GSE43085	GSM1056286	sdc-2(y93); sdc-2 RNAi embryo TAP+		Caenorhabditis elegans	GRO-cap	target	conditional	SRR639144	SINGLE	49239836	1477195080	1506978262	ftp.sra.ebi.ac.uk/vol1/fastq/SRR639/SRR639144/SRR639144.fastq.gz	dd83553e29a26d0ee599a7fbe7c41f0a	geo sample_alias
Kruesi2013_ce_GROcap	GSE43085	GSM1056287	sdc-2(y93); sdc-2 RNAi embryo TAP−	SRX212230	Caenorhabditis elegans	GRO-cap	control	exclude	SRR639145	SINGLE	18262244	547867320	583811263	ftp.sra.ebi.ac.uk/vol1/fastq/SRR639/SRR639145/SRR639145.fastq.gz	b2d821a20d574526539b73d12dd7e95f	sra_experiment
Kruesi2013_ce_GROcap	GSE43085	GSM1056288	N2 starved L1 TAP+	SRX212231	Caenorhabditis elegans	GRO-cap	target	include	SRR639146	SINGLE	60373637	1811209110	1971201041	ftp.sra.ebi.ac.uk/vol1/fastq/SRR639/SRR639146/SRR639146.fastq.gz	9cda17a69581c3b030b8c3f4adf28a8a	sra_experiment
Kruesi2013_ce_GROcap	GSE43085	GSM1056289	N2 starved L1 TAP−	SRX212232	Caenorhabditis elegans	GRO-cap	control	exclude	SRR639147	SINGLE	15480637	464419110	530324620	ftp.sra.ebi.ac.uk/vol1/fastq/SRR639/SRR639147/SRR639147.fastq.gz	4194a5c9329d45a16852d770a626538d	sra_experiment
Kruesi2013_ce_GROcap	GSE43085	GSM1056290	N2 L3 TAP+	SRX212233	Caenorhabditis elegans	GRO-cap	target	include	SRR639148	SINGLE	55905860	1677175800	1820593672	ftp.sra.ebi.ac.uk/vol1/fastq/SRR639/SRR639148/SRR639148.fastq.gz	c5fc22c10f8440c736a7f316f93ff88f	sra_experiment
Kruesi2013_ce_GROcap	GSE43085	GSM1056291	N2 L3 TAP−	SRX212234	Caenorhabditis elegans	GRO-cap	control	exclude	SRR639149	SINGLE	21662419	649872570	693252940	ftp.sra.ebi.ac.uk/vol1/fastq/SRR639/SRR639149/SRR639149.fastq.gz	7dfceaa26692e4d3a781617832996ffc	sra_experiment
Booth2016_yeast_PROcap	GSE76142	GSM1974987	S. cerevisiae WT PROcap	SRX1490952	Saccharomyces cerevisiae	PRO-cap	target	conditional	SRR3031844;SRR3031845	SINGLE	15881118;26382948	809937018;1345530348	700662684;1176215226	ftp.sra.ebi.ac.uk/vol1/fastq/SRR303/004/SRR3031844/SRR3031844.fastq.gz;ftp.sra.ebi.ac.uk/vol1/fastq/SRR303/005/SRR3031845/SRR3031845.fastq.gz	e577b0148c01665d510a3abcf2cfe9a9;8093454c3fa35f0a4857aaa5b8fabdfe	sra_experiment
Booth2016_yeast_PROcap	GSE76142	GSM1974988	S. pombe WT PROcap		Schizosaccharomyces pombe	PRO-cap	target	conditional	SRR3031846;SRR3031847	SINGLE	29203635;31538950	1489385385;1608486450	1361529909;1455491153	ftp.sra.ebi.ac.uk/vol1/fastq/SRR303/006/SRR3031846/SRR3031846.fastq.gz;ftp.sra.ebi.ac.uk/vol1/fastq/SRR303/007/SRR3031847/SRR3031847.fastq.gz	e35d1e4a42d1d100e01e7512a1026527;7b76c6a3c46f963e3b80f666cb005e95	geo sample_alias
Ino80_PROcap_sc	GSE158622	GSM4804521	PRO-cap control rep1		Saccharomyces cerevisiae	PRO-cap	target	include	SRR12720981	PAIRED	29171466	8809782732	1869928068;2446146997	ftp.sra.ebi.ac.uk/vol1/fastq/SRR127/081/SRR12720981/SRR12720981_1.fastq.gz;ftp.sra.ebi.ac.uk/vol1/fastq/SRR127/081/SRR12720981/SRR12720981_2.fastq.gz	3aa1fc2948c23c17b1a229e22fa6aa71;f1eef317ad731dd5ef5974ef6f529ef6	geo sample_alias
Ino80_PROcap_sc	GSE158622	GSM4804522	PRO-cap control rep2		Saccharomyces cerevisiae	PRO-cap	target	include	SRR12720982	PAIRED	33743267	10190466634	2180533514;2859130046	ftp.sra.ebi.ac.uk/vol1/fastq/SRR127/082/SRR12720982/SRR12720982_1.fastq.gz;ftp.sra.ebi.ac.uk/vol1/fastq/SRR127/082/SRR12720982/SRR12720982_2.fastq.gz	b87b1cc0e679026f04fe6b547da42e11;427a761ede83660e15aad87c9b172223	geo sample_alias
Ino80_PROcap_sc	GSE158622	GSM4804523	PRO-cap Ino80 KD rep1		Saccharomyces cerevisiae	PRO-cap	target	conditional	SRR12720983	PAIRED	27699506	8365250812	1784740987;2336948068	ftp.sra.ebi.ac.uk/vol1/fastq/SRR127/083/SRR12720983/SRR12720983_1.fastq.gz;ftp.sra.ebi.ac.uk/vol1/fastq/SRR127/083/SRR12720983/SRR12720983_2.fastq.gz	4c41c30d28c3ef92c8017573329a2ce7;0bec5876ae1203ac293daef43add697e	geo sample_alias
Ino80_PROcap_sc	GSE158622	GSM4804524	PRO-cap Ino80 KD rep2		Saccharomyces cerevisiae	PRO-cap	target	conditional	SRR12720984	PAIRED	31144225	9405555950	1982501378;2637299420	ftp.sra.ebi.ac.uk/vol1/fastq/SRR127/084/SRR12720984/SRR12720984_1.fastq.gz;ftp.sra.ebi.ac.uk/vol1/fastq/SRR127/084/SRR12720984/SRR12720984_2.fastq.gz	4769b277974506a51527076462e3883e;6afb6702360ab21001294510cb6a15de	geo sample_alias
Spt5_PROcap_sc	GSE267734	GSM8274823	CAP_SPT5_EtOH_1h_rep1		Saccharomyces cerevisiae	PRO-cap / CAP	target	include	SRR29037356	PAIRED	33543910	10130260820	2065454293;2628134265	ftp.sra.ebi.ac.uk/vol1/fastq/SRR290/056/SRR29037356/SRR29037356_1.fastq.gz;ftp.sra.ebi.ac.uk/vol1/fastq/SRR290/056/SRR29037356/SRR29037356_2.fastq.gz	bfcdcc754a3274acb260319820fc9680;882683dad432370f83760943731be1f3	sample_name ~ sample_alias (unique)
Spt5_PROcap_sc	GSE267734	GSM8274824	CAP_SPT5_IAA_1h_rep1		Saccharomyces cerevisiae	PRO-cap / CAP	target	conditional	SRR29037355	PAIRED	28468310	8597429620	1871637587;2281670738	ftp.sra.ebi.ac.uk/vol1/fastq/SRR290/055/SRR29037355/SRR29037355_1.fastq.gz;ftp.sra.ebi.ac.uk/vol1/fastq/SRR290/055/SRR29037355/SRR29037355_2.fastq.gz	e11fcbee2a9286f77a6d55b068b61b21;8b29ef938d2c6923d03ab1fd0e924c8c	sample_name ~ sample_alias (unique)
Spt5_PROcap_sc	GSE267734	GSM8274825	CAP_SPT5_IAA_4h_rep1	SRX24562536	Saccharomyces cerevisiae	PRO-cap / CAP	target	conditional	SRR29037354	PAIRED	32427720	9793171440	2125777979;2612811784	ftp.sra.ebi.ac.uk/vol1/fastq/SRR290/054/SRR29037354/SRR29037354_1.fastq.gz;ftp.sra.ebi.ac.uk/vol1/fastq/SRR290/054/SRR29037354/SRR29037354_2.fastq.gz	ff76d2fb288d041c93b9c961221c9f6f;4e053b782165aa10283dc524d70467d8	sra_experiment
Spt5_PROcap_sc	GSE267734	GSM8274826	CAP_SPT5_EtOH_1h_rep2		Saccharomyces cerevisiae	PRO-cap / CAP	target	include	SRR29037352	PAIRED	32997926	9965373652	2185315482;2655339410	ftp.sra.ebi.ac.uk/vol1/fastq/SRR290/052/SRR29037352/SRR29037352_1.fastq.gz;ftp.sra.ebi.ac.uk/vol1/fastq/SRR290/052/SRR29037352/SRR29037352_2.fastq.gz	49fdd5cd6d183a980bfd0f80796333c6;c68b2c81b8742a8533e453c1341816a6	sample_name ~ sample_alias (unique)
Spt5_PROcap_sc	GSE267734	GSM8274827	CAP_SPT5_IAA_1h_rep2		Saccharomyces cerevisiae	PRO-cap / CAP	target	conditional	SRR29037351	PAIRED	34913466	10543866732	2308281633;2848069959	ftp.sra.ebi.ac.uk/vol1/fastq/SRR290/051/SRR29037351/SRR29037351_1.fastq.gz;ftp.sra.ebi.ac.uk/vol1/fastq/SRR290/051/SRR29037351/SRR29037351_2.fastq.gz	f811c57c94bc0558382596581a3faafb;f42b1841256721868a9bc546675e4b2a	sample_name ~ sample_alias (unique)
Spt5_PROcap_sc	GSE267734	GSM8274828	CAP_SPT5_IAA_4h_rep2		Saccharomyces cerevisiae	PRO-cap / CAP	target	conditional	SRR29037350	PAIRED	33230198	10035519796	2194279986;2697045835	ftp.sra.ebi.ac.uk/vol1/fastq/SRR290/050/SRR29037350/SRR29037350_1.fastq.gz;ftp.sra.ebi.ac.uk/vol1/fastq/SRR290/050/SRR29037350/SRR29037350_2.fastq.gz	8ea73a4c6d39743470aa3b3efa6871ef;eb07b54abae821eec584f40291a05a3b	sample_name ~ sample_alias (unique)
Lam2013_mm_BMDM_5GRO	GSE45914	GSM1119599	BTEV-Ctrl 5′GRO-seq		Mus musculus	5′GRO-seq	target	conditional	SRR826225;SRR826226	SINGLE	12363482;16417474	618174100;820873700	614927861;818819027	ftp.sra.ebi.ac.uk/vol1/fastq/SRR826/SRR826225/SRR826225.fastq.gz;ftp.sra.ebi.ac.uk/vol1/fastq/SRR826/SRR826226/SRR826226.fastq.gz	c6a66996378e84ff3b1112c432131643;6d36ba002a885d7502b16e24e38d7016	geo sample_alias
Lam2013_mm_BMDM_5GRO	GSE45914	GSM1119600	BLRP-RevErbα 5′GRO-seq		Mus musculus	5′GRO-seq	target	conditional	SRR826227	SINGLE	10933937	546696850	543524301	ftp.sra.ebi.ac.uk/vol1/fastq/SRR826/SRR826227/SRR826227.fastq.gz	f14bf58e9c59ec3f9fd2dfc9b47a5c6c	geo sample_alias
Hetzel2016_at_5GRO	GSE83108	GSM2193123	5′GRO-seq	SRX1830040	Arabidopsis thaliana	5′GRO-seq	target	conditional	SRR3647033	SINGLE	17103276	1282745700	904303499	ftp.sra.ebi.ac.uk/vol1/fastq/SRR364/003/SRR3647033/SRR3647033.fastq.gz	28c4229ef441448b866cab5cf421ea7c	sra_experiment
Link2018_mm_BMDM_GROcap	GSE109965	SRR6660402	BMDM GRO-cap replicate 2 (verified run)		Mus musculus	GRO-cap	target	conditional	SRR6660402	SINGLE	25485421	1274271050	502023911	ftp.sra.ebi.ac.uk/vol1/fastq/SRR666/002/SRR6660402/SRR6660402.fastq.gz	513bf21bf1d4efdb9549e941aee92320	manifest (already resolved)
Shamie2021_cg_5GRO	GSE159044	GSM4818113	BMDM1hKLA_GROCap1	SRX9245445	Cricetulus griseus	5′GRO-seq / GRO-cap	target	conditional	SRR12774945	SINGLE	27344249	2050818675	813044834	ftp.sra.ebi.ac.uk/vol1/fastq/SRR127/045/SRR12774945/SRR12774945.fastq.gz	b5a9ba7456445353d5fd6432f6bba570	manifest (already resolved)
Shamie2021_cg_5GRO	GSE159044	GSM4818114	BMDMwt_GROCap1	SRX9245446	Cricetulus griseus	5′GRO-seq / GRO-cap	target	conditional	SRR12774946	SINGLE	28885045	2166378375	826376346	ftp.sra.ebi.ac.uk/vol1/fastq/SRR127/046/SRR12774946/SRR12774946.fastq.gz	daade7a474d039d13d41a89f7ecc7bd6	manifest (already resolved)
Shamie2021_cg_5GRO	GSE159044	GSM4818115	Brain_GROCap1	SRX9245447	Cricetulus griseus	5′GRO-seq / GRO-cap	target	conditional	SRR12774947	SINGLE	40281225	3021091875	1341721101	ftp.sra.ebi.ac.uk/vol1/fastq/SRR127/047/SRR12774947/SRR12774947.fastq.gz	c5d3b1774965e5c1cf34bb6e65da2409	manifest (already resolved)
Shamie2021_cg_5GRO	GSE159044	GSM4818116	CHO_GROCap1	SRX9245448	Cricetulus griseus	5′GRO-seq / GRO-cap	target	conditional	SRR12774948	SINGLE	29824225	2266641100	1173990693	ftp.sra.ebi.ac.uk/vol1/fastq/SRR127/048/SRR12774948/SRR12774948.fastq.gz	5b6c17a23373c8c52972fbd27ecf5ba3	manifest (already resolved)
Shamie2021_cg_5GRO	GSE159044	GSM4818117	CHO_GROCap2	SRX9245449	Cricetulus griseus	5′GRO-seq / GRO-cap	target	conditional	SRR12774949	SINGLE	23480806	1784541256	937918387	ftp.sra.ebi.ac.uk/vol1/fastq/SRR127/049/SRR12774949/SRR12774949.fastq.gz	e56620e9f7208817eefe584373e9cbd7	manifest (already resolved)
Shamie2021_cg_5GRO	GSE159044	GSM4818118	Kidney_GROCap1	SRX9245450	Cricetulus griseus	5′GRO-seq / GRO-cap	target	conditional	SRR12774950	SINGLE	31059941	2329495575	1018077531	ftp.sra.ebi.ac.uk/vol1/fastq/SRR127/050/SRR12774950/SRR12774950.fastq.gz	f5f391f6c06734d89c1b59a2a9f2c302	manifest (already resolved)
Shamie2021_cg_5GRO	GSE159044	GSM4818119	Liver_GROCap1	SRX9245451	Cricetulus griseus	5′GRO-seq / GRO-cap	target	conditional	SRR12774951	SINGLE	5364980	402373500	153696571	ftp.sra.ebi.ac.uk/vol1/fastq/SRR127/051/SRR12774951/SRR12774951.fastq.gz	44aa7b1799e7d0898aa0a2e1be1498a7	manifest (already resolved)
Shamie2021_cg_5GRO	GSE159044	GSM4818120	Lung_GROCap1	SRX9245452	Cricetulus griseus	5′GRO-seq / GRO-cap	target	conditional	SRR12774952	SINGLE	25144875	1885865625	835911776	ftp.sra.ebi.ac.uk/vol1/fastq/SRR127/052/SRR12774952/SRR12774952.fastq.gz	b7cc439f49aab11f4f2da8d0a3633cb3	manifest (already resolved)
McDonald2024_plant_5GRO	GSE233927	GSM7439223	Chlamydomonas reinhardtii liquid culture 5GRO-seq r1	SRX20570354	Chlamydomonas reinhardtii	5′GRO-seq	target	conditional	SRR24798072	SINGLE	50439920	3782994000	1449589800	ftp.sra.ebi.ac.uk/vol1/fastq/SRR247/072/SRR24798072/SRR24798072.fastq.gz	3009c11c59c7bbfc31816b10bc3ef619	manifest (already resolved)
McDonald2024_plant_5GRO	GSE233927	GSM7439224	Chlamydomonas reinhardtii liquid culture 5GRO-seq r2	SRX20570355	Chlamydomonas reinhardtii	5′GRO-seq	target	conditional	SRR24798065	SINGLE	9245638	693422850	210475396	ftp.sra.ebi.ac.uk/vol1/fastq/SRR247/065/SRR24798065/SRR24798065.fastq.gz	d5db41de09210d3e76f8a51d0d61bf23	manifest (already resolved)
McDonald2024_plant_5GRO	GSE233927	GSM7439241	Physcomitrella patens plate culture 5GRO-seq r1	SRX20570372	Physcomitrium patens	5′GRO-seq	target	conditional	SRR24798050	SINGLE	20019420	1501456500	499345173	ftp.sra.ebi.ac.uk/vol1/fastq/SRR247/050/SRR24798050/SRR24798050.fastq.gz	3d88aa2765e79d5b71de6c1c877a6d30	manifest (already resolved)
McDonald2024_plant_5GRO	GSE233927	GSM7439248	Selaginella moellendorffii stem leaves 5GRO-seq r1	SRX20570379	Selaginella moellendorffii	5′GRO-seq	target	conditional	SRR24798043	SINGLE	30627009	1561977459	809097638	ftp.sra.ebi.ac.uk/vol1/fastq/SRR247/043/SRR24798043/SRR24798043.fastq.gz	b5772af457c9fb79ce5ba48025018b82	manifest (already resolved)
Tome2018_mm_CoPRO	GSE116472	GSM3239707	CoPRO_MEF_Capped_NHS	SRX4328906	Mus musculus	CoPRO (capped fraction)	target	conditional	SRR7458428	SINGLE	52829491	4015041316	1624158247	ftp.sra.ebi.ac.uk/vol1/fastq/SRR745/008/SRR7458428/SRR7458428.fastq.gz	c04a1be40d8e923dab84c488e19edd5a	manifest (already resolved)
Tome2018_mm_CoPRO	GSE116472	GSM3239708	CoPRO_MEF_Capped_HS	SRX4328907	Mus musculus	CoPRO (capped fraction)	target	conditional	SRR7458429	SINGLE	57708829	4385871004	1777676592	ftp.sra.ebi.ac.uk/vol1/fastq/SRR745/009/SRR7458429/SRR7458429.fastq.gz	f222fa8319930c5b5a6cdb661774f95c	manifest (already resolved)
Wen2026_cotton_GROcap	PRJCA024429	SAMC4531003	AA_GROcap_Rep1		Gossypium arboreum	GRO-cap	target	conditional	DRR991139	PAIRED	156902673	47070801900	6729940906;6024612171	ftp.sra.ebi.ac.uk/vol1/fastq/DRR991/DRR991139/DRR991139_1.fastq.gz;ftp.sra.ebi.ac.uk/vol1/fastq/DRR991/DRR991139/DRR991139_2.fastq.gz	abc9669a577dabd68d06589fe92582d1;7cff76993d6fe165652241337bf76916	sample_name ~ sample_alias (unique)
Wen2026_cotton_GROcap	PRJCA024429	SAMC4531004	AA_GROcap_Rep2		Gossypium arboreum	GRO-cap	target	conditional	DRR991140	PAIRED	341722747	102516824100	15128206824;12820304340	ftp.sra.ebi.ac.uk/vol1/fastq/DRR991/DRR991140/DRR991140_1.fastq.gz;ftp.sra.ebi.ac.uk/vol1/fastq/DRR991/DRR991140/DRR991140_2.fastq.gz	1096fba8ed4a017f2592259dac4d89d3;9bffbf72e26edef76cf8a7a038500901	sample_name ~ sample_alias (unique)
Wen2026_cotton_GROcap	PRJCA024429	SAMC4531001	AD_GROcap_Rep1		Gossypium hirsutum	GRO-cap	target	conditional	DRR991137	PAIRED	201412557	60423767100	9146493884;8180698276	ftp.sra.ebi.ac.uk/vol1/fastq/DRR991/DRR991137/DRR991137_1.fastq.gz;ftp.sra.ebi.ac.uk/vol1/fastq/DRR991/DRR991137/DRR991137_2.fastq.gz	4516d2105123d4070fe8fd5e53878faa;c73a9e5fbd541ea165a79756518c4ba0	sample_name ~ sample_alias (unique)
Wen2026_cotton_GROcap	PRJCA024429	SAMC4531002	AD_GROcap_Rep2		Gossypium hirsutum	GRO-cap	target	conditional	DRR991138	PAIRED	375598181	112679454300	16364125559;14172178244	ftp.sra.ebi.ac.uk/vol1/fastq/DRR991/DRR991138/DRR991138_1.fastq.gz;ftp.sra.ebi.ac.uk/vol1/fastq/DRR991/DRR991138/DRR991138_2.fastq.gz	178ffe5023c16eea8a3db42523c3f5dc;5c716a854a2bd2780860cde1180503dd	sample_name ~ sample_alias (unique)
