project_key	study_accession	bioproject	sra_study	sample_accession	sample_name	sra_experiment	run_accession	organism	biological_material	condition	developmental_stage_age	sex	assay_label	assay_family	cap_status	biological_replicate	replicate_group	library_layout	deposited_interleaved	umi_len	umi_loc	adapter	raw_fastq_url	archive_fastq_lookup_url	deposited_processed_assembly	recommended_realign_assembly	spike_in	target_use	default_include	archive_mapping_status	notes	source_url
Kim2018_mm_ESC_BMDM	GSE81677	PRJNA322299	SRP075469	GSM2170014	Pro-cap ESC	SRX1781901		Mus musculus	embryonic stem cells	untreated	cell culture	not reported	PRO-cap	PRO-cap	cap-selected target	1	ESC untreated	single-end (reported; recheck run)				smallRNA_RA3		https://www.ebi.ac.uk/ena/portal/api/filereport?accession=SRX1781901&result=read_run&fields=run_accession,library_layout,fastq_ftp,fastq_md5&format=tsv	mm9	mm39	none reported	target	include	sample + experiment verified; run unresolved	One deposited library; no independent biological replicate. Re-align raw reads for a current-build model.	https://www.ncbi.nlm.nih.gov/geo/query/acc.cgi?acc=GSM2170014
Kim2018_mm_ESC_BMDM	GSE81677	PRJNA322299	SRP075469	GSM2170016	Pro-cap Macrophage	SRX1781902		Mus musculus	macrophages	untreated	cell culture	not reported	PRO-cap	PRO-cap	cap-selected target	1	macrophage untreated	single-end (reported; recheck run)				smallRNA_RA3		https://www.ebi.ac.uk/ena/portal/api/filereport?accession=SRX1781902&result=read_run&fields=run_accession,library_layout,fastq_ftp,fastq_md5&format=tsv	mm9	mm39	none reported	target	include	sample + experiment verified; run unresolved	One deposited library; no independent biological replicate.	https://www.ncbi.nlm.nih.gov/geo/query/acc.cgi?acc=GSM2170016
Liver_ChROcap_mm	GSE156828	PRJNA659369	SRP278822	GSM4745119	Old_Female_R1	SRX9004528		Mus musculus	frozen liver	untreated	old (22–25 months)	female	ChRO-cap (deposited as PRO-cap)	ChRO-cap	cap-selected target	1	liver old female	single-end				smallRNA_RA3		https://www.ebi.ac.uk/ena/portal/api/filereport?accession=SRX9004528&result=read_run&fields=run_accession,library_layout,fastq_ftp,fastq_md5&format=tsv	mm10	mm39	none reported	target	include	sample, experiment and run verified; layout resolved single-end	C57BL/6J. Treat age × sex as biological condition; two biological replicates per stratum. archive-resolved single-end: all 8 runs report library_layout=SINGLE with exactly one FASTQ, no nominal_length, and a uniform ~74.8 bp read. The earlier 'paired-end; RNA 5' end in R1 and RNA 3' end in R2' entry was wrong for the deposited data -- most likely a confusion with the sample names, which carry R1/R2 as the BIOLOGICAL REPLICATE (Old_Female_R1 / Old_Female_R2), not read 1 / read 2. ChRO-cap is cap-selected, so the single read's 5' end is the initiation site; confirm with the initiator logo from `snakemake qc`.	https://www.ncbi.nlm.nih.gov/geo/query/acc.cgi?acc=GSM4745119
Liver_ChROcap_mm	GSE156828	PRJNA659369	SRP278822	GSM4745120	Old_Female_R2			Mus musculus	frozen liver	untreated	old (22–25 months)	female	ChRO-cap (deposited as PRO-cap)	ChRO-cap	cap-selected target	2	liver old female	single-end				smallRNA_RA3			mm10	mm39	none reported	target	include	sample, experiment and run verified; layout resolved single-end	C57BL/6J. Treat age × sex as biological condition; two biological replicates per stratum. archive-resolved single-end: all 8 runs report library_layout=SINGLE with exactly one FASTQ, no nominal_length, and a uniform ~74.8 bp read. The earlier 'paired-end; RNA 5' end in R1 and RNA 3' end in R2' entry was wrong for the deposited data -- most likely a confusion with the sample names, which carry R1/R2 as the BIOLOGICAL REPLICATE (Old_Female_R1 / Old_Female_R2), not read 1 / read 2. ChRO-cap is cap-selected, so the single read's 5' end is the initiation site; confirm with the initiator logo from `snakemake qc`.	https://www.ncbi.nlm.nih.gov/geo/query/acc.cgi?acc=GSM4745120
Liver_ChROcap_mm	GSE156828	PRJNA659369	SRP278822	GSM4745121	Old_Male_R1	SRX9004530		Mus musculus	frozen liver	untreated	old (22–25 months)	male	ChRO-cap (deposited as PRO-cap)	ChRO-cap	cap-selected target	1	liver old male	single-end				smallRNA_RA3		https://www.ebi.ac.uk/ena/portal/api/filereport?accession=SRX9004530&result=read_run&fields=run_accession,library_layout,fastq_ftp,fastq_md5&format=tsv	mm10	mm39	none reported	target	include	sample, experiment and run verified; layout resolved single-end	C57BL/6J. Treat age × sex as biological condition; two biological replicates per stratum. archive-resolved single-end: all 8 runs report library_layout=SINGLE with exactly one FASTQ, no nominal_length, and a uniform ~74.8 bp read. The earlier 'paired-end; RNA 5' end in R1 and RNA 3' end in R2' entry was wrong for the deposited data -- most likely a confusion with the sample names, which carry R1/R2 as the BIOLOGICAL REPLICATE (Old_Female_R1 / Old_Female_R2), not read 1 / read 2. ChRO-cap is cap-selected, so the single read's 5' end is the initiation site; confirm with the initiator logo from `snakemake qc`.	https://www.ncbi.nlm.nih.gov/geo/query/acc.cgi?acc=GSM4745121
Liver_ChROcap_mm	GSE156828	PRJNA659369	SRP278822	GSM4745122	Old_Male_R2			Mus musculus	frozen liver	untreated	old (22–25 months)	male	ChRO-cap (deposited as PRO-cap)	ChRO-cap	cap-selected target	2	liver old male	single-end				smallRNA_RA3			mm10	mm39	none reported	target	include	sample, experiment and run verified; layout resolved single-end	C57BL/6J. Treat age × sex as biological condition; two biological replicates per stratum. archive-resolved single-end: all 8 runs report library_layout=SINGLE with exactly one FASTQ, no nominal_length, and a uniform ~74.8 bp read. The earlier 'paired-end; RNA 5' end in R1 and RNA 3' end in R2' entry was wrong for the deposited data -- most likely a confusion with the sample names, which carry R1/R2 as the BIOLOGICAL REPLICATE (Old_Female_R1 / Old_Female_R2), not read 1 / read 2. ChRO-cap is cap-selected, so the single read's 5' end is the initiation site; confirm with the initiator logo from `snakemake qc`.	https://www.ncbi.nlm.nih.gov/geo/query/acc.cgi?acc=GSM4745122
Liver_ChROcap_mm	GSE156828	PRJNA659369	SRP278822	GSM4745123	Young_Female_R1			Mus musculus	frozen liver	untreated	young (2–4 months)	female	ChRO-cap (deposited as PRO-cap)	ChRO-cap	cap-selected target	1	liver young female	single-end				smallRNA_RA3			mm10	mm39	none reported	target	include	sample, experiment and run verified; layout resolved single-end	C57BL/6J. Treat age × sex as biological condition; two biological replicates per stratum. archive-resolved single-end: all 8 runs report library_layout=SINGLE with exactly one FASTQ, no nominal_length, and a uniform ~74.8 bp read. The earlier 'paired-end; RNA 5' end in R1 and RNA 3' end in R2' entry was wrong for the deposited data -- most likely a confusion with the sample names, which carry R1/R2 as the BIOLOGICAL REPLICATE (Old_Female_R1 / Old_Female_R2), not read 1 / read 2. ChRO-cap is cap-selected, so the single read's 5' end is the initiation site; confirm with the initiator logo from `snakemake qc`.	https://www.ncbi.nlm.nih.gov/geo/query/acc.cgi?acc=GSM4745123
Liver_ChROcap_mm	GSE156828	PRJNA659369	SRP278822	GSM4745124	Young_Female_R2	SRX9004533		Mus musculus	frozen liver	untreated	young (2–4 months)	female	ChRO-cap (deposited as PRO-cap)	ChRO-cap	cap-selected target	2	liver young female	single-end				smallRNA_RA3		https://www.ebi.ac.uk/ena/portal/api/filereport?accession=SRX9004533&result=read_run&fields=run_accession,library_layout,fastq_ftp,fastq_md5&format=tsv	mm10	mm39	none reported	target	include	sample, experiment and run verified; layout resolved single-end	C57BL/6J. Treat age × sex as biological condition; two biological replicates per stratum. archive-resolved single-end: all 8 runs report library_layout=SINGLE with exactly one FASTQ, no nominal_length, and a uniform ~74.8 bp read. The earlier 'paired-end; RNA 5' end in R1 and RNA 3' end in R2' entry was wrong for the deposited data -- most likely a confusion with the sample names, which carry R1/R2 as the BIOLOGICAL REPLICATE (Old_Female_R1 / Old_Female_R2), not read 1 / read 2. ChRO-cap is cap-selected, so the single read's 5' end is the initiation site; confirm with the initiator logo from `snakemake qc`.	https://www.ncbi.nlm.nih.gov/geo/query/acc.cgi?acc=GSM4745124
Liver_ChROcap_mm	GSE156828	PRJNA659369	SRP278822	GSM4745125	Young_Male_R1			Mus musculus	frozen liver	untreated	young (2–4 months)	male	ChRO-cap (deposited as PRO-cap)	ChRO-cap	cap-selected target	1	liver young male	single-end				smallRNA_RA3			mm10	mm39	none reported	target	include	sample, experiment and run verified; layout resolved single-end	C57BL/6J. Treat age × sex as biological condition; two biological replicates per stratum. archive-resolved single-end: all 8 runs report library_layout=SINGLE with exactly one FASTQ, no nominal_length, and a uniform ~74.8 bp read. The earlier 'paired-end; RNA 5' end in R1 and RNA 3' end in R2' entry was wrong for the deposited data -- most likely a confusion with the sample names, which carry R1/R2 as the BIOLOGICAL REPLICATE (Old_Female_R1 / Old_Female_R2), not read 1 / read 2. ChRO-cap is cap-selected, so the single read's 5' end is the initiation site; confirm with the initiator logo from `snakemake qc`.	https://www.ncbi.nlm.nih.gov/geo/query/acc.cgi?acc=GSM4745125
Liver_ChROcap_mm	GSE156828	PRJNA659369	SRP278822	GSM4745126	Young_Male_R2			Mus musculus	frozen liver	untreated	young (2–4 months)	male	ChRO-cap (deposited as PRO-cap)	ChRO-cap	cap-selected target	2	liver young male	single-end				smallRNA_RA3			mm10	mm39	none reported	target	include	sample, experiment and run verified; layout resolved single-end	C57BL/6J. Treat age × sex as biological condition; two biological replicates per stratum. archive-resolved single-end: all 8 runs report library_layout=SINGLE with exactly one FASTQ, no nominal_length, and a uniform ~74.8 bp read. The earlier 'paired-end; RNA 5' end in R1 and RNA 3' end in R2' entry was wrong for the deposited data -- most likely a confusion with the sample names, which carry R1/R2 as the BIOLOGICAL REPLICATE (Old_Female_R1 / Old_Female_R2), not read 1 / read 2. ChRO-cap is cap-selected, so the single read's 5' end is the initiation site; confirm with the initiator logo from `snakemake qc`.	https://www.ncbi.nlm.nih.gov/geo/query/acc.cgi?acc=GSM4745126
Bcell_PROcap_mm	GSE202040	PRJNA834081		GSM6090081	priBd3_B18hi_cap1			Mus musculus	primary activated B cells	B18hi	primary cells	not reported	PRO-cap	PRO-cap	cap-selected target	1	priBd3 B18hi	unresolved				truseq_universal			mm10	mm39	Drosophila material reported as spike-in	target	conditional	sample verified; experiment/run unresolved	Replicate pair with GSM6090082. Targeted immunoglobulin context; consider separate task/head.	https://www.ncbi.nlm.nih.gov/geo/query/acc.cgi?acc=GSM6090081
Bcell_PROcap_mm	GSE202040	PRJNA834081		GSM6090082	priBd3_B18hi_cap2			Mus musculus	primary activated B cells	B18hi	primary cells	not reported	PRO-cap	PRO-cap	cap-selected target	2	priBd3 B18hi	unresolved				truseq_universal			mm10	mm39	Drosophila material reported as spike-in	target	conditional	sample verified; experiment/run unresolved	Replicate pair with GSM6090081. Targeted immunoglobulin context; consider separate task/head.	https://www.ncbi.nlm.nih.gov/geo/query/acc.cgi?acc=GSM6090082
Bcell_PROcap_mm	GSE202040	PRJNA834081		GSM6090083	GCB_B18hi_cap			Mus musculus	germinal center B cells	B18hi	primary cells	not reported	PRO-cap	PRO-cap	cap-selected target	1	GCB B18hi	unresolved	yes			truseq_universal			mm10	mm39	Drosophila material reported as spike-in	target	conditional	sample verified; experiment/run unresolved	Single deposited cap library for this condition.	https://www.ncbi.nlm.nih.gov/geo/query/acc.cgi?acc=GSM6090083
Kwak2013_dm_S2	GSE42117	PRJNA179188	SRP017121	GSM1032759	Drosophila S2 cell line [PRO-cap_01]	SRX203293		Drosophila melanogaster	S2 cells	untreated	cell culture	not applicable	PRO-cap	PRO-cap	cap-selected target	1	S2 untreated	single-end (legacy deposit; recheck run)						https://www.ebi.ac.uk/ena/portal/api/filereport?accession=SRX203293&result=read_run&fields=run_accession,library_layout,fastq_ftp,fastq_md5&format=tsv	FlyBase dm5.22 / dm3-era	dm6	none reported	target	include	sample + experiment verified; legacy SRZ/run crosswalk unresolved	Original S2 PRO-cap library. DBNascent lists legacy SRZ/SRR project inventory, but the per-sample run is not asserted here.	https://www.ncbi.nlm.nih.gov/geo/query/acc.cgi?acc=GSM1032759
Embryo_PROcap_dm	E-MTAB-6154	PRJEB25091	ERP106976	SAMEA104604686	PROseq_PROcap34h1		ERR2319945	Drosophila melanogaster	whole embryos	wild type	3–4 h after egg laying	mixed/not applicable	PRO-cap	PRO-cap	cap-selected target	1	embryo 3–4 h AEL	single-end				smallRNA_RA3			dm3	dm6	none reported	target	conditional	resolved; ENA study ERP106976 (PRJEB25091) via BioStudies link from E-MTAB-6154	ArrayExpress submission brokered to ENA: E-MTAB-6154 exposes no BioProject/SRA study directly, so resolve_runs.py skipped it until ERP106976 was filled in here. library_selection=CAGE and the ENA study title confirm PRO-cap despite the 'PROseq_' prefix in the sample titles. Note the 6–8 h window deposits replicates 2 and 3 only; no replicate 1 is present in this study.	https://www.ebi.ac.uk/biostudies/arrayexpress/studies/E-MTAB-6154
Embryo_PROcap_dm	E-MTAB-6154	PRJEB25091	ERP106976	SAMEA104604687	PROseq_PROcap34h2		ERR2319946	Drosophila melanogaster	whole embryos	wild type	3–4 h after egg laying	mixed/not applicable	PRO-cap	PRO-cap	cap-selected target	2	embryo 3–4 h AEL	single-end				smallRNA_RA3			dm3	dm6	none reported	target	conditional	resolved; ENA study ERP106976 (PRJEB25091) via BioStudies link from E-MTAB-6154	ArrayExpress submission brokered to ENA: E-MTAB-6154 exposes no BioProject/SRA study directly, so resolve_runs.py skipped it until ERP106976 was filled in here. library_selection=CAGE and the ENA study title confirm PRO-cap despite the 'PROseq_' prefix in the sample titles. Note the 6–8 h window deposits replicates 2 and 3 only; no replicate 1 is present in this study.	https://www.ebi.ac.uk/biostudies/arrayexpress/studies/E-MTAB-6154
Embryo_PROcap_dm	E-MTAB-6154	PRJEB25091	ERP106976	SAMEA104604688	PROseq_PROcap68h2		ERR2319947	Drosophila melanogaster	whole embryos	wild type	6–8 h after egg laying	mixed/not applicable	PRO-cap	PRO-cap	cap-selected target	2	embryo 6–8 h AEL	single-end				smallRNA_RA3			dm3	dm6	none reported	target	conditional	resolved; ENA study ERP106976 (PRJEB25091) via BioStudies link from E-MTAB-6154	ArrayExpress submission brokered to ENA: E-MTAB-6154 exposes no BioProject/SRA study directly, so resolve_runs.py skipped it until ERP106976 was filled in here. library_selection=CAGE and the ENA study title confirm PRO-cap despite the 'PROseq_' prefix in the sample titles. Note the 6–8 h window deposits replicates 2 and 3 only; no replicate 1 is present in this study.	https://www.ebi.ac.uk/biostudies/arrayexpress/studies/E-MTAB-6154
Embryo_PROcap_dm	E-MTAB-6154	PRJEB25091	ERP106976	SAMEA104604689	PROseq_PROcap68h3		ERR2319948	Drosophila melanogaster	whole embryos	wild type	6–8 h after egg laying	mixed/not applicable	PRO-cap	PRO-cap	cap-selected target	3	embryo 6–8 h AEL	single-end				smallRNA_RA3			dm3	dm6	none reported	target	conditional	resolved; ENA study ERP106976 (PRJEB25091) via BioStudies link from E-MTAB-6154	ArrayExpress submission brokered to ENA: E-MTAB-6154 exposes no BioProject/SRA study directly, so resolve_runs.py skipped it until ERP106976 was filled in here. library_selection=CAGE and the ENA study title confirm PRO-cap despite the 'PROseq_' prefix in the sample titles. Note the 6–8 h window deposits replicates 2 and 3 only; no replicate 1 is present in this study.	https://www.ebi.ac.uk/biostudies/arrayexpress/studies/E-MTAB-6154
LacZ_PROcap_dm	GSE211397	PRJNA870098		GSM6469486	PROcap_LacZKD (TAP+)	SRX17106104		Drosophila melanogaster	S2 cells	LacZ knockdown	cell culture	not applicable	PRO-cap	PRO-cap	TAP+	1	LacZ KD protocol pair	unresolved				smallRNA_RA3		https://www.ebi.ac.uk/ena/portal/api/filereport?accession=SRX17106104&result=read_run&fields=run_accession,library_layout,fastq_ftp,fastq_md5&format=tsv	dm6	dm6	mouse MEFs	target	include	sample + experiment verified; run unresolved	Useful S2 baseline/control condition. Keep spike-in reads separate.	https://www.ncbi.nlm.nih.gov/geo/query/acc.cgi?acc=GSM6469486
LacZ_PROcap_dm	GSE211397	PRJNA870098		GSM6469487	PROcap_LacZKD_noTAP (TAP−)			Drosophila melanogaster	S2 cells	LacZ knockdown	cell culture	not applicable	PRO-cap	PRO-cap	TAP−	1	LacZ KD protocol pair	unresolved				smallRNA_RA3			dm6	dm6	mouse MEFs	control	exclude	sample verified; experiment/run unresolved	Negative-enzyme control: retain for background/QC, exclude from positive TSS target training.	https://www.ncbi.nlm.nih.gov/geo/query/acc.cgi?acc=GSM6469487
Duttke2017_dm_S2	GSE68677	PRJNA284402	SRP058504	GSM1678908	S2_GRO5_r1			Drosophila melanogaster	S2 cells	wild type / control	cell culture	not applicable	5′GRO / GRO-cap	GRO-cap-equivalent	capped 5′ end enriched	1	S2 wild type	unresolved				truseq_universal			dm3	dm6	none reported	target	conditional	sample verified; experiment/run unresolved	Unpublished/public archive dataset. Replicate 1 run must be resolved before automated download.	https://www.ncbi.nlm.nih.gov/geo/query/acc.cgi?acc=GSM1678908
Duttke2017_dm_S2	GSE68677	PRJNA284402	SRP058504	GSM1678910	S2_GRO5_r2		SRR2033379	Drosophila melanogaster	S2 cells	wild type / control	cell culture	not applicable	5′GRO / GRO-cap	GRO-cap-equivalent	capped 5′ end enriched	2	S2 wild type	single-end, forward, 51 bp (DBNascent)				truseq_universal	https://ftp.sra.ebi.ac.uk/vol1/fastq/SRR203/379/SRR2033379/SRR2033379.fastq.gz	https://www.ebi.ac.uk/ena/portal/api/filereport?accession=SRR2033379&result=read_run&fields=run_accession,library_layout,fastq_ftp,fastq_md5&format=tsv	dm3	dm6	none reported	target	conditional	run verified; ENA FASTQ path constructed	Unpublished/public archive dataset; useful as a replicated S2 extension once rep1 is resolved.	https://www.ncbi.nlm.nih.gov/geo/query/acc.cgi?acc=GSM1678910
Kruesi2013_ce_GROcap	GSE43085	PRJNA184363	SRP017636	GSM1056284	N2 embryo TAP+	SRX212227		Caenorhabditis elegans	whole-animal/embryo material	N2	embryo	mixed/not reported	GRO-cap	GRO-cap	TAP+	1	N2 embryo	single-end (legacy deposit; recheck run)				smallRNA_RA3		https://www.ebi.ac.uk/ena/portal/api/filereport?accession=SRX212227&result=read_run&fields=run_accession,library_layout,fastq_ftp,fastq_md5&format=tsv	WormBase WS230	ce11 / WBcel235	none reported	target	include	sample + experiment verified; run unresolved	C. elegans trans-splicing makes mature RNA 5′ ends unreliable proxies for transcription initiation; GRO-cap is especially valuable here.	https://www.ncbi.nlm.nih.gov/geo/query/acc.cgi?acc=GSM1056284
Kruesi2013_ce_GROcap	GSE43085	PRJNA184363	SRP017636	GSM1056285	N2 embryo TAP−	SRX212228		Caenorhabditis elegans	whole-animal/embryo material	N2	embryo	mixed/not reported	GRO-cap	GRO-cap	TAP−	1	N2 embryo	single-end (legacy deposit; recheck run)				smallRNA_RA3		https://www.ebi.ac.uk/ena/portal/api/filereport?accession=SRX212228&result=read_run&fields=run_accession,library_layout,fastq_ftp,fastq_md5&format=tsv	WormBase WS230	ce11 / WBcel235	none reported	control	exclude	sample + experiment verified; run unresolved	C. elegans trans-splicing makes mature RNA 5′ ends unreliable proxies for transcription initiation; GRO-cap is especially valuable here.	https://www.ncbi.nlm.nih.gov/geo/query/acc.cgi?acc=GSM1056285
Kruesi2013_ce_GROcap	GSE43085	PRJNA184363	SRP017636	GSM1056286	sdc-2(y93); sdc-2 RNAi embryo TAP+			Caenorhabditis elegans	whole-animal/embryo material	sdc-2(y93); sdc-2 RNAi	embryo	mixed/not reported	GRO-cap	GRO-cap	TAP+	1	sdc-2 embryo	single-end (legacy deposit; recheck run)				smallRNA_RA3			WormBase WS230	ce11 / WBcel235	none reported	target	conditional	sample verified; experiment/run unresolved	C. elegans trans-splicing makes mature RNA 5′ ends unreliable proxies for transcription initiation; GRO-cap is especially valuable here.	https://www.ncbi.nlm.nih.gov/geo/query/acc.cgi?acc=GSM1056286
Kruesi2013_ce_GROcap	GSE43085	PRJNA184363	SRP017636	GSM1056287	sdc-2(y93); sdc-2 RNAi embryo TAP−	SRX212230		Caenorhabditis elegans	whole-animal/embryo material	sdc-2(y93); sdc-2 RNAi	embryo	mixed/not reported	GRO-cap	GRO-cap	TAP−	1	sdc-2 embryo	single-end (legacy deposit; recheck run)				smallRNA_RA3		https://www.ebi.ac.uk/ena/portal/api/filereport?accession=SRX212230&result=read_run&fields=run_accession,library_layout,fastq_ftp,fastq_md5&format=tsv	WormBase WS230	ce11 / WBcel235	none reported	control	exclude	sample + experiment verified; run unresolved	C. elegans trans-splicing makes mature RNA 5′ ends unreliable proxies for transcription initiation; GRO-cap is especially valuable here.	https://www.ncbi.nlm.nih.gov/geo/query/acc.cgi?acc=GSM1056287
Kruesi2013_ce_GROcap	GSE43085	PRJNA184363	SRP017636	GSM1056288	N2 starved L1 TAP+	SRX212231		Caenorhabditis elegans	whole-animal/embryo material	N2 starved	L1	mixed/not reported	GRO-cap	GRO-cap	TAP+	1	N2 starved L1	single-end (legacy deposit; recheck run)				smallRNA_RA3		https://www.ebi.ac.uk/ena/portal/api/filereport?accession=SRX212231&result=read_run&fields=run_accession,library_layout,fastq_ftp,fastq_md5&format=tsv	WormBase WS230	ce11 / WBcel235	none reported	target	include	sample + experiment verified; run unresolved	C. elegans trans-splicing makes mature RNA 5′ ends unreliable proxies for transcription initiation; GRO-cap is especially valuable here.	https://www.ncbi.nlm.nih.gov/geo/query/acc.cgi?acc=GSM1056288
Kruesi2013_ce_GROcap	GSE43085	PRJNA184363	SRP017636	GSM1056289	N2 starved L1 TAP−	SRX212232		Caenorhabditis elegans	whole-animal/embryo material	N2 starved	L1	mixed/not reported	GRO-cap	GRO-cap	TAP−	1	N2 starved L1	single-end (legacy deposit; recheck run)				smallRNA_RA3		https://www.ebi.ac.uk/ena/portal/api/filereport?accession=SRX212232&result=read_run&fields=run_accession,library_layout,fastq_ftp,fastq_md5&format=tsv	WormBase WS230	ce11 / WBcel235	none reported	control	exclude	sample + experiment verified; run unresolved	C. elegans trans-splicing makes mature RNA 5′ ends unreliable proxies for transcription initiation; GRO-cap is especially valuable here.	https://www.ncbi.nlm.nih.gov/geo/query/acc.cgi?acc=GSM1056289
Kruesi2013_ce_GROcap	GSE43085	PRJNA184363	SRP017636	GSM1056290	N2 L3 TAP+	SRX212233		Caenorhabditis elegans	whole-animal/embryo material	N2	L3	mixed/not reported	GRO-cap	GRO-cap	TAP+	1	N2 L3	single-end (legacy deposit; recheck run)				smallRNA_RA3		https://www.ebi.ac.uk/ena/portal/api/filereport?accession=SRX212233&result=read_run&fields=run_accession,library_layout,fastq_ftp,fastq_md5&format=tsv	WormBase WS230	ce11 / WBcel235	none reported	target	include	sample + experiment verified; run unresolved	C. elegans trans-splicing makes mature RNA 5′ ends unreliable proxies for transcription initiation; GRO-cap is especially valuable here.	https://www.ncbi.nlm.nih.gov/geo/query/acc.cgi?acc=GSM1056290
Kruesi2013_ce_GROcap	GSE43085	PRJNA184363	SRP017636	GSM1056291	N2 L3 TAP−	SRX212234		Caenorhabditis elegans	whole-animal/embryo material	N2	L3	mixed/not reported	GRO-cap	GRO-cap	TAP−	1	N2 L3	single-end (legacy deposit; recheck run)				smallRNA_RA3		https://www.ebi.ac.uk/ena/portal/api/filereport?accession=SRX212234&result=read_run&fields=run_accession,library_layout,fastq_ftp,fastq_md5&format=tsv	WormBase WS230	ce11 / WBcel235	none reported	control	exclude	sample + experiment verified; run unresolved	C. elegans trans-splicing makes mature RNA 5′ ends unreliable proxies for transcription initiation; GRO-cap is especially valuable here.	https://www.ncbi.nlm.nih.gov/geo/query/acc.cgi?acc=GSM1056291
Booth2016_yeast_PROcap	GSE76142	PRJNA306424	SRP067557	GSM1974987	S. cerevisiae WT PROcap	SRX1490952		Saccharomyces cerevisiae	W303a cells	wild type	log-phase culture	mating type/background as reported	PRO-cap	PRO-cap	cap-selected target	1	S. cerevisiae WT	single-end legacy libraries; run-level split unresolved				smallRNA_RA3		https://www.ebi.ac.uk/ena/portal/api/filereport?accession=SRX1490952&result=read_run&fields=run_accession,library_layout,fastq_ftp,fastq_md5&format=tsv	sacCer3	sacCer3	Schizosaccharomyces pombe	target	conditional	sample and runs verified; TAP+/TAP- question resolved	archive-resolved: the 2 runs are technical replicates of ONE library, not a TAP+/TAP- pair. Both sit under a single SRA experiment (SRX1490952 / SRX1490953), which in SRA means one library sequenced twice; TAP+ and TAP- are different libraries and would be different SRX. All 10 samples in PRJNA306424 follow the same 2-runs-per-SRX pattern, including mRNAseq where TAP is meaningless, and no sample in the study is labelled TAP-/minus/control. No TAP- data was deposited. Merge both runs. Residual risk: metadata cannot exclude TAP+/TAP- reads pooled INSIDE one library without demultiplexing; the initiator logo from `snakemake qc` would be diluted if so.	https://www.ncbi.nlm.nih.gov/geo/query/acc.cgi?acc=GSM1974987
Booth2016_yeast_PROcap	GSE76142	PRJNA306424	SRP067557	GSM1974988	S. pombe WT PROcap			Schizosaccharomyces pombe	S. pombe cells	wild type	log-phase culture	mating type/background as reported	PRO-cap	PRO-cap	cap-selected target	1	S. pombe WT	single-end legacy libraries; run-level split unresolved				smallRNA_RA3			ASM294v2	ASM294v2 or current PomBase reference	Saccharomyces cerevisiae (reciprocal normalization design reported)	target	conditional	sample and runs verified; TAP+/TAP- question resolved	archive-resolved: the 2 runs are technical replicates of ONE library, not a TAP+/TAP- pair. Both sit under a single SRA experiment (SRX1490952 / SRX1490953), which in SRA means one library sequenced twice; TAP+ and TAP- are different libraries and would be different SRX. All 10 samples in PRJNA306424 follow the same 2-runs-per-SRX pattern, including mRNAseq where TAP is meaningless, and no sample in the study is labelled TAP-/minus/control. No TAP- data was deposited. Merge both runs. Residual risk: metadata cannot exclude TAP+/TAP- reads pooled INSIDE one library without demultiplexing; the initiator logo from `snakemake qc` would be diluted if so.	https://www.ncbi.nlm.nih.gov/geo/query/acc.cgi?acc=GSM1974988
Ino80_PROcap_sc	GSE158622	PRJNA665997	SRP285540	GSM4804521	PRO-cap control rep1			Saccharomyces cerevisiae	yeast culture	control	log-phase culture	not applicable	PRO-cap	PRO-cap	cap-selected target	1	Ino80 study control	unresolved				smallRNA_RA3			sacCer3	sacCer3	Schizosaccharomyces pombe	target	include	sample verified; experiment/run unresolved	Replicated wild-type/control baseline.	https://www.ncbi.nlm.nih.gov/geo/query/acc.cgi?acc=GSM4804521
Ino80_PROcap_sc	GSE158622	PRJNA665997	SRP285540	GSM4804522	PRO-cap control rep2			Saccharomyces cerevisiae	yeast culture	control	log-phase culture	not applicable	PRO-cap	PRO-cap	cap-selected target	2	Ino80 study control	unresolved				smallRNA_RA3			sacCer3	sacCer3	Schizosaccharomyces pombe	target	include	sample verified; experiment/run unresolved	Replicated wild-type/control baseline.	https://www.ncbi.nlm.nih.gov/geo/query/acc.cgi?acc=GSM4804522
Ino80_PROcap_sc	GSE158622	PRJNA665997	SRP285540	GSM4804523	PRO-cap Ino80 KD rep1			Saccharomyces cerevisiae	yeast culture	Ino80 depletion	log-phase culture	not applicable	PRO-cap	PRO-cap	cap-selected target	1	Ino80 study Ino80 depletion	unresolved				smallRNA_RA3			sacCer3	sacCer3	Schizosaccharomyces pombe	target	conditional	sample verified; experiment/run unresolved	Replicated perturbation; include with condition label or separate modeling head.	https://www.ncbi.nlm.nih.gov/geo/query/acc.cgi?acc=GSM4804523
Ino80_PROcap_sc	GSE158622	PRJNA665997	SRP285540	GSM4804524	PRO-cap Ino80 KD rep2			Saccharomyces cerevisiae	yeast culture	Ino80 depletion	log-phase culture	not applicable	PRO-cap	PRO-cap	cap-selected target	2	Ino80 study Ino80 depletion	unresolved				smallRNA_RA3			sacCer3	sacCer3	Schizosaccharomyces pombe	target	conditional	sample verified; experiment/run unresolved	Replicated perturbation; include with condition label or separate modeling head.	https://www.ncbi.nlm.nih.gov/geo/query/acc.cgi?acc=GSM4804524
Spt5_PROcap_sc	GSE267734	PRJNA1105209		GSM8274823	CAP_SPT5_EtOH_1h_rep1			Saccharomyces cerevisiae	Spt5-AID yeast culture	EtOH 1 h control	log-phase culture	not applicable	PRO-cap / CAP	PRO-cap	cap-selected target	1	Spt5 EtOH 1 h	unresolved; 10-nt UMI in 3′ adaptor		10	5' adaptor	smallRNA_RA3			sacCer3 + SpombeASMv2	sacCer3	Schizosaccharomyces pombe	target	include	sample verified; experiment/run unresolved	Matched vehicle control; two biological replicates.	https://www.ncbi.nlm.nih.gov/geo/query/acc.cgi?acc=GSM8274823
Spt5_PROcap_sc	GSE267734	PRJNA1105209		GSM8274824	CAP_SPT5_IAA_1h_rep1			Saccharomyces cerevisiae	Spt5-AID yeast culture	IAA 1 h; Spt5 depletion	log-phase culture	not applicable	PRO-cap / CAP	PRO-cap	cap-selected target	1	Spt5 IAA 1 h	unresolved; 10-nt UMI in 3′ adaptor		10	5' adaptor	smallRNA_RA3			sacCer3 + SpombeASMv2	sacCer3	Schizosaccharomyces pombe	target	conditional	sample verified; experiment/run unresolved	Depletion perturbation; UMI must be parsed/removed consistently before alignment.	https://www.ncbi.nlm.nih.gov/geo/query/acc.cgi?acc=GSM8274824
Spt5_PROcap_sc	GSE267734	PRJNA1105209		GSM8274825	CAP_SPT5_IAA_4h_rep1	SRX24562536		Saccharomyces cerevisiae	Spt5-AID yeast culture	IAA 4 h; Spt5 depletion	log-phase culture	not applicable	PRO-cap / CAP	PRO-cap	cap-selected target	1	Spt5 IAA 4 h	unresolved; 10-nt UMI in 3′ adaptor		10	5' adaptor	smallRNA_RA3		https://www.ebi.ac.uk/ena/portal/api/filereport?accession=SRX24562536&result=read_run&fields=run_accession,library_layout,fastq_ftp,fastq_md5&format=tsv	sacCer3 + SpombeASMv2	sacCer3	Schizosaccharomyces pombe	target	conditional	sample + experiment verified; run unresolved	Depletion perturbation; UMI must be parsed/removed consistently before alignment.	https://www.ncbi.nlm.nih.gov/geo/query/acc.cgi?acc=GSM8274825
Spt5_PROcap_sc	GSE267734	PRJNA1105209		GSM8274826	CAP_SPT5_EtOH_1h_rep2			Saccharomyces cerevisiae	Spt5-AID yeast culture	EtOH 1 h control	log-phase culture	not applicable	PRO-cap / CAP	PRO-cap	cap-selected target	2	Spt5 EtOH 1 h	unresolved; 10-nt UMI in 3′ adaptor		10	5' adaptor	smallRNA_RA3			sacCer3 + SpombeASMv2	sacCer3	Schizosaccharomyces pombe	target	include	sample verified; experiment/run unresolved	Matched vehicle control; two biological replicates.	https://www.ncbi.nlm.nih.gov/geo/query/acc.cgi?acc=GSM8274826
Spt5_PROcap_sc	GSE267734	PRJNA1105209		GSM8274827	CAP_SPT5_IAA_1h_rep2			Saccharomyces cerevisiae	Spt5-AID yeast culture	IAA 1 h; Spt5 depletion	log-phase culture	not applicable	PRO-cap / CAP	PRO-cap	cap-selected target	2	Spt5 IAA 1 h	unresolved; 10-nt UMI in 3′ adaptor		10	5' adaptor	smallRNA_RA3			sacCer3 + SpombeASMv2	sacCer3	Schizosaccharomyces pombe	target	conditional	sample verified; experiment/run unresolved	Depletion perturbation; UMI must be parsed/removed consistently before alignment.	https://www.ncbi.nlm.nih.gov/geo/query/acc.cgi?acc=GSM8274827
Spt5_PROcap_sc	GSE267734	PRJNA1105209		GSM8274828	CAP_SPT5_IAA_4h_rep2			Saccharomyces cerevisiae	Spt5-AID yeast culture	IAA 4 h; Spt5 depletion	log-phase culture	not applicable	PRO-cap / CAP	PRO-cap	cap-selected target	2	Spt5 IAA 4 h	unresolved; 10-nt UMI in 3′ adaptor		10	5' adaptor	smallRNA_RA3			sacCer3 + SpombeASMv2	sacCer3	Schizosaccharomyces pombe	target	conditional	sample verified; experiment/run unresolved	Depletion perturbation; UMI must be parsed/removed consistently before alignment.	https://www.ncbi.nlm.nih.gov/geo/query/acc.cgi?acc=GSM8274828
Lam2013_mm_BMDM_5GRO	GSE45914	PRJNA196871	SRP021025	GSM1119599	BTEV-Ctrl 5′GRO-seq			Mus musculus	bone-marrow-derived macrophages	biotin-tag control	primary cells	not reported	5′GRO-seq	GRO-cap-equivalent	5′ capped-end enriched	1	BMDM BTEV-Ctrl	single-end (legacy deposit; recheck run)				truseq_universal			mm9	mm39	none reported	target	conditional	sample verified; legacy SRZ/SRR project inventory not crosswalked	Biological condition, not a replicate of the Rev-Erbα sample. Close protocol equivalent rather than canonical GRO-cap.	https://www.ncbi.nlm.nih.gov/geo/query/acc.cgi?acc=GSM1119599
Lam2013_mm_BMDM_5GRO	GSE45914	PRJNA196871	SRP021025	GSM1119600	BLRP-RevErbα 5′GRO-seq			Mus musculus	bone-marrow-derived macrophages	BLRP-Rev-Erbα	primary cells	not reported	5′GRO-seq	GRO-cap-equivalent	5′ capped-end enriched	1	BMDM BLRP-RevErbα	single-end (legacy deposit; recheck run)				truseq_universal			mm9	mm39	none reported	target	conditional	sample verified; legacy SRZ/SRR project inventory not crosswalked	Biological condition, not a replicate of the control sample. Model condition explicitly.	https://www.ncbi.nlm.nih.gov/geo/query/acc.cgi?acc=GSM1119600
Hetzel2016_at_5GRO	GSE83108	PRJNA324774	SRP076266	GSM2193123	5′GRO-seq	SRX1830040		Arabidopsis thaliana	whole seedlings	Col-0 wild type	6-day seedlings	not applicable	5′GRO-seq	GRO-cap-equivalent	RppH-dependent 5′ end capture	1	Col-0 6-day seedlings	unresolved				truseq_universal		https://www.ebi.ac.uk/ena/portal/api/filereport?accession=SRX1830040&result=read_run&fields=run_accession,library_layout,fastq_ftp,fastq_md5&format=tsv	TAIR10	TAIR10	none reported	target	conditional	sample + experiment verified; run unresolved	Single deposited sample; useful cross-kingdom case, but protocol is 5′GRO rather than canonical PRO-cap.	https://www.ncbi.nlm.nih.gov/geo/query/acc.cgi?acc=GSM2193123
Link2018_mm_BMDM_GROcap	GSE109965		SRP131922	SRR6660402	BMDM GRO-cap replicate 2 (verified run)		SRR6660402	Mus musculus	bone-marrow-derived macrophages	untreated wild-type/control subset	primary cells	not reported	GRO-cap	GRO-cap	cap-selected target	2	BMDM control	single-end, forward (DBNascent)				truseq_universal	https://ftp.sra.ebi.ac.uk/vol1/fastq/SRR666/402/SRR6660402/SRR6660402.fastq.gz	https://www.ebi.ac.uk/ena/portal/api/filereport?accession=SRR6660402&result=read_run&fields=run_accession,library_layout,fastq_ftp,fastq_md5&format=tsv	mm10 (study-era)	mm39	none reported	target	conditional	run verified; GEO sample crosswalk unresolved; ENA FASTQ path constructed	Only the verified replicate-2 run is asserted. Resolve replicate 1 and exact strain/sample mapping before using as a replicate set.	https://www.ncbi.nlm.nih.gov/sra?term=SRR6660402
Shamie2021_cg_5GRO	GSE159044	PRJNA667472	SRP286414	GSM4818113	BMDM1hKLA_GROCap1	SRX9245445	SRR12774945	Cricetulus griseus	bone-marrow-derived macrophages	KLA 10 ng/mL, 1 h	primary cells	female	5′GRO-seq / GRO-cap	GRO-cap-equivalent	biochemically cap-enriched 5′GRO	1	BMDM KLA 1 h	single-end (ENA-verified)				truseq_universal		https://www.ebi.ac.uk/ena/portal/api/filereport?accession=SRX9245445&result=read_run&fields=run_accession,library_layout,fastq_ftp,fastq_md5&format=tsv	PICR / GCF_003668045.1	CriGri-PICRH-1.0 / GCF_003668045.3	none reported	target	conditional	sample + experiment + run verified	True cap-enriched run-on library. The matched ordinary GRO-seq library is an input/background control, not a cap-positive target.	https://www.ncbi.nlm.nih.gov/geo/query/acc.cgi?acc=GSM4818113
Shamie2021_cg_5GRO	GSE159044	PRJNA667472	SRP286414	GSM4818114	BMDMwt_GROCap1	SRX9245446	SRR12774946	Cricetulus griseus	bone-marrow-derived macrophages	untreated	primary cells	female	5′GRO-seq / GRO-cap	GRO-cap-equivalent	biochemically cap-enriched 5′GRO	1	BMDM untreated	single-end (ENA-verified)				truseq_universal		https://www.ebi.ac.uk/ena/portal/api/filereport?accession=SRX9245446&result=read_run&fields=run_accession,library_layout,fastq_ftp,fastq_md5&format=tsv	PICR / GCF_003668045.1	CriGri-PICRH-1.0 / GCF_003668045.3	none reported	target	conditional	sample + experiment + run verified	True cap-enriched run-on library. The matched ordinary GRO-seq library is an input/background control, not a cap-positive target.	https://www.ncbi.nlm.nih.gov/geo/query/acc.cgi?acc=GSM4818114
Shamie2021_cg_5GRO	GSE159044	PRJNA667472	SRP286414	GSM4818115	Brain_GROCap1	SRX9245447	SRR12774947	Cricetulus griseus	brain	untreated	not reported	female	5′GRO-seq / GRO-cap	GRO-cap-equivalent	biochemically cap-enriched 5′GRO	1	brain	single-end (ENA-verified)				truseq_universal		https://www.ebi.ac.uk/ena/portal/api/filereport?accession=SRX9245447&result=read_run&fields=run_accession,library_layout,fastq_ftp,fastq_md5&format=tsv	PICR / GCF_003668045.1	CriGri-PICRH-1.0 / GCF_003668045.3	none reported	target	conditional	sample + experiment + run verified	True cap-enriched run-on library. The matched ordinary GRO-seq library is an input/background control, not a cap-positive target.	https://www.ncbi.nlm.nih.gov/geo/query/acc.cgi?acc=GSM4818115
Shamie2021_cg_5GRO	GSE159044	PRJNA667472	SRP286414	GSM4818116	CHO_GROCap1	SRX9245448	SRR12774948	Cricetulus griseus	CHO-K1 cells	untreated	cell culture	female origin	5′GRO-seq / GRO-cap	GRO-cap-equivalent	biochemically cap-enriched 5′GRO	1	CHO	single-end (ENA-verified)				truseq_universal		https://www.ebi.ac.uk/ena/portal/api/filereport?accession=SRX9245448&result=read_run&fields=run_accession,library_layout,fastq_ftp,fastq_md5&format=tsv	PICR / GCF_003668045.1	CriGri-PICRH-1.0 / GCF_003668045.3	none reported	target	conditional	sample + experiment + run verified	True cap-enriched run-on library; replicate 1 of 2. The ordinary GRO-seq libraries remain controls only.	https://www.ncbi.nlm.nih.gov/geo/query/acc.cgi?acc=GSM4818116
Shamie2021_cg_5GRO	GSE159044	PRJNA667472	SRP286414	GSM4818117	CHO_GROCap2	SRX9245449	SRR12774949	Cricetulus griseus	CHO-K1 cells	untreated	cell culture	female origin	5′GRO-seq / GRO-cap	GRO-cap-equivalent	biochemically cap-enriched 5′GRO	2	CHO	single-end (ENA-verified)				truseq_universal		https://www.ebi.ac.uk/ena/portal/api/filereport?accession=SRX9245449&result=read_run&fields=run_accession,library_layout,fastq_ftp,fastq_md5&format=tsv	PICR / GCF_003668045.1	CriGri-PICRH-1.0 / GCF_003668045.3	none reported	target	conditional	sample + experiment + run verified	True cap-enriched run-on library; replicate 2 of 2. The ordinary GRO-seq libraries remain controls only.	https://www.ncbi.nlm.nih.gov/geo/query/acc.cgi?acc=GSM4818117
Shamie2021_cg_5GRO	GSE159044	PRJNA667472	SRP286414	GSM4818118	Kidney_GROCap1	SRX9245450	SRR12774950	Cricetulus griseus	kidney	untreated	not reported	female	5′GRO-seq / GRO-cap	GRO-cap-equivalent	biochemically cap-enriched 5′GRO	1	kidney	single-end (ENA-verified)				truseq_universal		https://www.ebi.ac.uk/ena/portal/api/filereport?accession=SRX9245450&result=read_run&fields=run_accession,library_layout,fastq_ftp,fastq_md5&format=tsv	PICR / GCF_003668045.1	CriGri-PICRH-1.0 / GCF_003668045.3	none reported	target	conditional	sample + experiment + run verified	True cap-enriched run-on library. The matched ordinary GRO-seq library is an input/background control, not a cap-positive target.	https://www.ncbi.nlm.nih.gov/geo/query/acc.cgi?acc=GSM4818118
Shamie2021_cg_5GRO	GSE159044	PRJNA667472	SRP286414	GSM4818119	Liver_GROCap1	SRX9245451	SRR12774951	Cricetulus griseus	liver	untreated	not reported	female	5′GRO-seq / GRO-cap	GRO-cap-equivalent	biochemically cap-enriched 5′GRO	1	liver	single-end (ENA-verified)				truseq_universal		https://www.ebi.ac.uk/ena/portal/api/filereport?accession=SRX9245451&result=read_run&fields=run_accession,library_layout,fastq_ftp,fastq_md5&format=tsv	PICR / GCF_003668045.1	CriGri-PICRH-1.0 / GCF_003668045.3	none reported	target	conditional	sample + experiment + run verified	True cap-enriched run-on library. The matched ordinary GRO-seq library is an input/background control, not a cap-positive target.	https://www.ncbi.nlm.nih.gov/geo/query/acc.cgi?acc=GSM4818119
Shamie2021_cg_5GRO	GSE159044	PRJNA667472	SRP286414	GSM4818120	Lung_GROCap1	SRX9245452	SRR12774952	Cricetulus griseus	lung	untreated	not reported	female	5′GRO-seq / GRO-cap	GRO-cap-equivalent	biochemically cap-enriched 5′GRO	1	lung	single-end (ENA-verified)				truseq_universal		https://www.ebi.ac.uk/ena/portal/api/filereport?accession=SRX9245452&result=read_run&fields=run_accession,library_layout,fastq_ftp,fastq_md5&format=tsv	PICR / GCF_003668045.1	CriGri-PICRH-1.0 / GCF_003668045.3	none reported	target	conditional	sample + experiment + run verified	True cap-enriched run-on library. The matched ordinary GRO-seq library is an input/background control, not a cap-positive target.	https://www.ncbi.nlm.nih.gov/geo/query/acc.cgi?acc=GSM4818120
McDonald2024_plant_5GRO	GSE233927	PRJNA978596	SRP440722	GSM7439223	Chlamydomonas reinhardtii liquid culture 5GRO-seq r1	SRX20570354	SRR24798072	Chlamydomonas reinhardtii	liquid culture	untreated	late-log culture	not applicable	5′GRO-seq	GRO-cap-equivalent	RppH-dependent cap-selected 5′GRO	1	C. reinhardtii 5′GRO	single-end (ENA-verified)				truseq_universal		https://www.ebi.ac.uk/ena/portal/api/filereport?accession=SRX20570354&result=read_run&fields=run_accession,library_layout,fastq_ftp,fastq_md5&format=tsv	Chlamydomonas_reinhardtii_v5.5	Chlamydomonas_reinhardtii_v5.5	none reported	target	conditional	sample + experiment + run verified	True biochemical cap-enrichment by the Hetzel 5′GRO protocol; not classified from a 5′-end track. Matched ordinary GRO-seq is a peak-calling input/control.	https://www.ncbi.nlm.nih.gov/geo/query/acc.cgi?acc=GSM7439223
McDonald2024_plant_5GRO	GSE233927	PRJNA978596	SRP440722	GSM7439224	Chlamydomonas reinhardtii liquid culture 5GRO-seq r2	SRX20570355	SRR24798065	Chlamydomonas reinhardtii	liquid culture	untreated	late-log culture	not applicable	5′GRO-seq	GRO-cap-equivalent	RppH-dependent cap-selected 5′GRO	2	C. reinhardtii 5′GRO	single-end (ENA-verified)				truseq_universal		https://www.ebi.ac.uk/ena/portal/api/filereport?accession=SRX20570355&result=read_run&fields=run_accession,library_layout,fastq_ftp,fastq_md5&format=tsv	Chlamydomonas_reinhardtii_v5.5	Chlamydomonas_reinhardtii_v5.5	none reported	target	conditional	sample + experiment + run verified	True biochemical cap-enrichment by the Hetzel 5′GRO protocol; not classified from a 5′-end track. Matched ordinary GRO-seq is a peak-calling input/control.	https://www.ncbi.nlm.nih.gov/geo/query/acc.cgi?acc=GSM7439224
McDonald2024_plant_5GRO	GSE233927	PRJNA978596	SRP440722	GSM7439241	Physcomitrella patens plate culture 5GRO-seq r1	SRX20570372	SRR24798050	Physcomitrium patens	plate culture	untreated	plate culture	not applicable	5′GRO-seq	GRO-cap-equivalent	RppH-dependent cap-selected 5′GRO	1	P. patens 5′GRO	single-end (ENA-verified)				truseq_universal		https://www.ebi.ac.uk/ena/portal/api/filereport?accession=SRX20570372&result=read_run&fields=run_accession,library_layout,fastq_ftp,fastq_md5&format=tsv	Phypa V3	Phypa V3	none reported	target	conditional	sample + experiment + run verified	True biochemical cap-enrichment by the Hetzel 5′GRO protocol; not classified from a 5′-end track. No ordinary 5′ coordinate convention was used as evidence.	https://www.ncbi.nlm.nih.gov/geo/query/acc.cgi?acc=GSM7439241
McDonald2024_plant_5GRO	GSE233927	PRJNA978596	SRP440722	GSM7439248	Selaginella moellendorffii stem leaves 5GRO-seq r1	SRX20570379	SRR24798043	Selaginella moellendorffii	stems and leaves	untreated	stems/leaves after 1 week growth	not applicable	5′GRO-seq	GRO-cap-equivalent	RppH-dependent cap-selected 5′GRO	1	S. moellendorffii 5′GRO	single-end (ENA-verified)				truseq_universal		https://www.ebi.ac.uk/ena/portal/api/filereport?accession=SRX20570379&result=read_run&fields=run_accession,library_layout,fastq_ftp,fastq_md5&format=tsv	Selaginella v1.0	Selaginella v1.0	none reported	target	conditional	sample + experiment + run verified	True biochemical cap-enrichment by the Hetzel 5′GRO protocol; not classified from a 5′-end track. Matched ordinary GRO-seq is a peak-calling input/control.	https://www.ncbi.nlm.nih.gov/geo/query/acc.cgi?acc=GSM7439248
Tome2018_mm_CoPRO	GSE116472	PRJNA478717	SRP151707	GSM3239707	CoPRO_MEF_Capped_NHS	SRX4328906	SRR7458428	Mus musculus	mouse embryonic fibroblasts	no heat shock	cell culture	not reported	CoPRO (capped fraction)	PRO-cap variant	Terminator + CIP depletion; RppH decapping	1	MEF non-heat shock	single-end (ENA-verified)				smallRNA_RA3		https://www.ebi.ac.uk/ena/portal/api/filereport?accession=SRX4328906&result=read_run&fields=run_accession,library_layout,fastq_ftp,fastq_md5&format=tsv	GEO lists hg19; inconsistent with Mus musculus	mm39	Drosophila S2 cells, 1:1000	target	conditional	sample + experiment + run verified	Genuine enzymatic cap-state selection in a nascent run-on library. Qualification does not rely on the deposited 5p bigWig filename; one library is present for this condition.	https://www.ncbi.nlm.nih.gov/geo/query/acc.cgi?acc=GSM3239707
Tome2018_mm_CoPRO	GSE116472	PRJNA478717	SRP151707	GSM3239708	CoPRO_MEF_Capped_HS	SRX4328907	SRR7458429	Mus musculus	mouse embryonic fibroblasts	60 min heat shock at 42 °C	cell culture	not reported	CoPRO (capped fraction)	PRO-cap variant	Terminator + CIP depletion; RppH decapping	1	MEF heat shock	single-end (ENA-verified)				smallRNA_RA3		https://www.ebi.ac.uk/ena/portal/api/filereport?accession=SRX4328907&result=read_run&fields=run_accession,library_layout,fastq_ftp,fastq_md5&format=tsv	GEO lists hg19; inconsistent with Mus musculus	mm39	Drosophila S2 cells, 1:1000	target	conditional	sample + experiment + run verified	Genuine enzymatic cap-state selection in a nascent run-on library. Qualification does not rely on the deposited 5p bigWig filename; one library is present for this condition.	https://www.ncbi.nlm.nih.gov/geo/query/acc.cgi?acc=GSM3239708
Wen2026_cotton_GROcap	PRJCA024429	PRJDB41007		SAMC4531003	AA_GROcap_Rep1			Gossypium arboreum	ovule outer integument	G. arboreum cv. Shixiya1 (diploid AA)	ovule outer integument protoplasts		GRO-cap	GRO-cap	TAP+	1	A. arboreum GRO-cap	paired-end	no			truseq_universal			ASM2569848v2	ASM2569848v2		target	conditional	resolved via ENA mirror of CNCB PRJCA024429	G. arboreum cv. Shixiya1 (SXY1), diploid AA	https://doi.org/10.1186/s13059-025-03907-w
Wen2026_cotton_GROcap	PRJCA024429	PRJDB41007		SAMC4531004	AA_GROcap_Rep2			Gossypium arboreum	ovule outer integument	G. arboreum cv. Shixiya1 (diploid AA)	ovule outer integument protoplasts		GRO-cap	GRO-cap	TAP+	2	A. arboreum GRO-cap	paired-end	no			truseq_universal			ASM2569848v2	ASM2569848v2		target	conditional	resolved via ENA mirror of CNCB PRJCA024429	G. arboreum cv. Shixiya1 (SXY1), diploid AA	https://doi.org/10.1186/s13059-025-03907-w
Wen2026_cotton_GROcap	PRJCA024429	PRJDB41007		SAMC4531001	AD_GROcap_Rep1			Gossypium hirsutum	ovule outer integument	G. hirsutum cv. Xuzhou 142 (tetraploid AD)	ovule outer integument protoplasts		GRO-cap	GRO-cap	TAP+	1	G. hirsutum GRO-cap	paired-end	no			truseq_universal			Gossypium_hirsutum_v2.1	Gossypium_hirsutum_v2.1		target	conditional	resolved via ENA mirror of CNCB PRJCA024429	G. hirsutum cv. Xuzhou 142, tetraploid AD	https://doi.org/10.1186/s13059-025-03907-w
Wen2026_cotton_GROcap	PRJCA024429	PRJDB41007		SAMC4531002	AD_GROcap_Rep2			Gossypium hirsutum	ovule outer integument	G. hirsutum cv. Xuzhou 142 (tetraploid AD)	ovule outer integument protoplasts		GRO-cap	GRO-cap	TAP+	2	G. hirsutum GRO-cap	paired-end	no			truseq_universal			Gossypium_hirsutum_v2.1	Gossypium_hirsutum_v2.1		target	conditional	resolved via ENA mirror of CNCB PRJCA024429	G. hirsutum cv. Xuzhou 142, tetraploid AD	https://doi.org/10.1186/s13059-025-03907-w
