dataset_name	organism	tissue_condition	study_accession	sample_accessions	sra_accessions	run_match_basis	genome_build_name	assembly_accession	data_type	assay_family	tier	n_replicates	remapping_status
M.musculus-ESC_PROcap	Mus musculus	embryonic stem cells; untreated; cell culture	GSE81677	GSM2170014	SRR3555068	sra_experiment	mm10	GCA_000001635.2	PRO-cap	PRO-cap	include	1	pending ENCODE PRO-cap pipeline
M.musculus-BMDM_PROcap	Mus musculus	macrophages; untreated; cell culture	GSE81677	GSM2170016	SRR3555069	sra_experiment	mm10	GCA_000001635.2	PRO-cap	PRO-cap	include	1	pending ENCODE PRO-cap pipeline
M.musculus-liver-old-female_ChROcap	Mus musculus	frozen liver; untreated; old (22–25 months)	GSE156828	GSM4745119,GSM4745120	SRR12513902,SRR12513903	geo sample_alias; sra_experiment	mm10	GCA_000001635.2	ChRO-cap (deposited as PRO-cap)	ChRO-cap	include	2	pending ENCODE PRO-cap pipeline
M.musculus-liver-old-male_ChROcap	Mus musculus	frozen liver; untreated; old (22–25 months)	GSE156828	GSM4745121,GSM4745122	SRR12513904,SRR12513905	geo sample_alias; sra_experiment	mm10	GCA_000001635.2	ChRO-cap (deposited as PRO-cap)	ChRO-cap	include	2	pending ENCODE PRO-cap pipeline
M.musculus-liver-young-female_ChROcap	Mus musculus	frozen liver; untreated; young (2–4 months)	GSE156828	GSM4745123,GSM4745124	SRR12513906,SRR12513907	geo sample_alias; sra_experiment	mm10	GCA_000001635.2	ChRO-cap (deposited as PRO-cap)	ChRO-cap	include	2	pending ENCODE PRO-cap pipeline
M.musculus-liver-young-male_ChROcap	Mus musculus	frozen liver; untreated; young (2–4 months)	GSE156828	GSM4745125,GSM4745126	SRR12513908,SRR12513909	geo sample_alias	mm10	GCA_000001635.2	ChRO-cap (deposited as PRO-cap)	ChRO-cap	include	2	pending ENCODE PRO-cap pipeline
M.musculus-priB_PROcap	Mus musculus	primary activated B cells; B18hi; primary cells	GSE202040	GSM6090081,GSM6090082	SRR19034546,SRR19034545	geo sample_alias	mm10	GCA_000001635.2	PRO-cap	PRO-cap	conditional	2	pending ENCODE PRO-cap pipeline
M.musculus-GCB_PROcap	Mus musculus	germinal center B cells; B18hi; primary cells	GSE202040	GSM6090083	SRR19034544	geo sample_alias	mm10	GCA_000001635.2	PRO-cap	PRO-cap	conditional	1	pending ENCODE PRO-cap pipeline
D.melanogaster-S2_PROcap	Drosophila melanogaster	S2 cells; untreated; cell culture	GSE42117	GSM1032759	SRR611829,SRR611830	sra_experiment	dm6	GCF_000001215.4	PRO-cap	PRO-cap	include	1	pending ENCODE PRO-cap pipeline
D.melanogaster-embryo-3to4h_PROcap	Drosophila melanogaster	whole embryos; wild type; 3–4 h after egg laying	E-MTAB-6154	SAMEA104604686,SAMEA104604687	ERR2319945,ERR2319946	manifest (already resolved)	dm6	GCF_000001215.4	PRO-cap	PRO-cap	conditional	2	pending ENCODE PRO-cap pipeline
D.melanogaster-embryo-6to8h_PROcap	Drosophila melanogaster	whole embryos; wild type; 6–8 h after egg laying	E-MTAB-6154	SAMEA104604688,SAMEA104604689	ERR2319947,ERR2319948	manifest (already resolved)	dm6	GCF_000001215.4	PRO-cap	PRO-cap	conditional	2	pending ENCODE PRO-cap pipeline
D.melanogaster-S2-LacZKD_PROcap	Drosophila melanogaster	S2 cells; LacZ knockdown; cell culture	GSE211397	GSM6469486	SRR21091506	sra_experiment	dm6	GCF_000001215.4	PRO-cap	PRO-cap	include	1	pending ENCODE PRO-cap pipeline
D.melanogaster-S2_5GROcap	Drosophila melanogaster	S2 cells; wild type / control; cell culture	GSE68677	GSM1678908,GSM1678910	SRR2033378,SRR2033379	geo sample_alias; manifest (already resolved)	dm6	GCF_000001215.4	5′GRO / GRO-cap	GRO-cap-equivalent	conditional	2	pending ENCODE PRO-cap pipeline
C.elegans-embryo_GROcap	Caenorhabditis elegans	whole-animal/embryo material; N2; embryo	GSE43085	GSM1056284	SRR639142	sra_experiment	ce11	GCF_000002985.6	GRO-cap	GRO-cap	include	1	pending ENCODE PRO-cap pipeline
C.elegans-embryo-sdc2_GROcap	Caenorhabditis elegans	whole-animal/embryo material; sdc-2(y93); sdc-2 RNAi; embryo	GSE43085	GSM1056286	SRR639144	geo sample_alias	ce11	GCF_000002985.6	GRO-cap	GRO-cap	conditional	1	pending ENCODE PRO-cap pipeline
C.elegans-L1starved_GROcap	Caenorhabditis elegans	whole-animal/embryo material; N2 starved; L1	GSE43085	GSM1056288	SRR639146	sra_experiment	ce11	GCF_000002985.6	GRO-cap	GRO-cap	include	1	pending ENCODE PRO-cap pipeline
C.elegans-L3_GROcap	Caenorhabditis elegans	whole-animal/embryo material; N2; L3	GSE43085	GSM1056290	SRR639148	sra_experiment	ce11	GCF_000002985.6	GRO-cap	GRO-cap	include	1	pending ENCODE PRO-cap pipeline
S.cerevisiae_PROcap	Saccharomyces cerevisiae	W303a cells; wild type; log-phase culture	GSE76142	GSM1974987	SRR3031844,SRR3031845	sra_experiment	R64-1-1	GCA_000146045.2	PRO-cap	PRO-cap	conditional	1	pending ENCODE PRO-cap pipeline
S.pombe_PROcap	Schizosaccharomyces pombe	S. pombe cells; wild type; log-phase culture	GSE76142	GSM1974988	SRR3031846,SRR3031847	geo sample_alias	ASM294v2	GCA_000002945.2	PRO-cap	PRO-cap	conditional	1	pending ENCODE PRO-cap pipeline
S.cerevisiae-Ino80ctl_PROcap	Saccharomyces cerevisiae	yeast culture; control; log-phase culture	GSE158622	GSM4804521,GSM4804522	SRR12720981,SRR12720982	geo sample_alias	R64-1-1	GCA_000146045.2	PRO-cap	PRO-cap	include	2	pending ENCODE PRO-cap pipeline
S.cerevisiae-Ino80KD_PROcap	Saccharomyces cerevisiae	yeast culture; Ino80 depletion; log-phase culture	GSE158622	GSM4804523,GSM4804524	SRR12720983,SRR12720984	geo sample_alias	R64-1-1	GCA_000146045.2	PRO-cap	PRO-cap	conditional	2	pending ENCODE PRO-cap pipeline
S.cerevisiae-Spt5EtOH_PROcap	Saccharomyces cerevisiae	Spt5-AID yeast culture; EtOH 1 h control; log-phase culture	GSE267734	GSM8274823,GSM8274826	SRR29037356,SRR29037352	sample_name ~ sample_alias (unique)	R64-1-1	GCA_000146045.2	PRO-cap / CAP	PRO-cap	include	2	pending ENCODE PRO-cap pipeline
S.cerevisiae-Spt5IAA1h_PROcap	Saccharomyces cerevisiae	Spt5-AID yeast culture; IAA 1 h; Spt5 depletion; log-phase culture	GSE267734	GSM8274824,GSM8274827	SRR29037355,SRR29037351	sample_name ~ sample_alias (unique)	R64-1-1	GCA_000146045.2	PRO-cap / CAP	PRO-cap	conditional	2	pending ENCODE PRO-cap pipeline
S.cerevisiae-Spt5IAA4h_PROcap	Saccharomyces cerevisiae	Spt5-AID yeast culture; IAA 4 h; Spt5 depletion; log-phase culture	GSE267734	GSM8274825,GSM8274828	SRR29037354,SRR29037350	sample_name ~ sample_alias (unique); sra_experiment	R64-1-1	GCA_000146045.2	PRO-cap / CAP	PRO-cap	conditional	2	pending ENCODE PRO-cap pipeline
M.musculus-BMDM_5GRO-ctl	Mus musculus	bone-marrow-derived macrophages; biotin-tag control; primary cells	GSE45914	GSM1119599	SRR826225,SRR826226	geo sample_alias	mm10	GCA_000001635.2	5′GRO-seq	GRO-cap-equivalent	conditional	1	pending ENCODE PRO-cap pipeline
M.musculus-BMDM_5GRO-RevErb	Mus musculus	bone-marrow-derived macrophages; BLRP-Rev-Erbα; primary cells	GSE45914	GSM1119600	SRR826227	geo sample_alias	mm10	GCA_000001635.2	5′GRO-seq	GRO-cap-equivalent	conditional	1	pending ENCODE PRO-cap pipeline
A.thaliana-seedling_5GRO	Arabidopsis thaliana	whole seedlings; Col-0 wild type; 6-day seedlings	GSE83108	GSM2193123	SRR3647033	sra_experiment	TAIR10	GCA_000001735.1	5′GRO-seq	GRO-cap-equivalent	conditional	1	pending ENCODE PRO-cap pipeline
M.musculus-BMDM_GROcap	Mus musculus	bone-marrow-derived macrophages; untreated wild-type/control subset; primary cells	GSE109965	SRR6660402	SRR6660402	manifest (already resolved)	mm10	GCA_000001635.2	GRO-cap	GRO-cap	conditional	1	pending ENCODE PRO-cap pipeline
C.griseus-BMDM-KLA1h_GROcap	Cricetulus griseus	bone-marrow-derived macrophages; KLA 10 ng/mL, 1 h; primary cells	GSE159044	GSM4818113	SRR12774945	manifest (already resolved)	CriGri-PICRH-1.0	GCA_003668045.2	5′GRO-seq / GRO-cap	GRO-cap-equivalent	conditional	1	pending ENCODE PRO-cap pipeline
C.griseus-BMDM_GROcap	Cricetulus griseus	bone-marrow-derived macrophages; untreated; primary cells	GSE159044	GSM4818114	SRR12774946	manifest (already resolved)	CriGri-PICRH-1.0	GCA_003668045.2	5′GRO-seq / GRO-cap	GRO-cap-equivalent	conditional	1	pending ENCODE PRO-cap pipeline
C.griseus-brain_GROcap	Cricetulus griseus	brain; untreated; not reported	GSE159044	GSM4818115	SRR12774947	manifest (already resolved)	CriGri-PICRH-1.0	GCA_003668045.2	5′GRO-seq / GRO-cap	GRO-cap-equivalent	conditional	1	pending ENCODE PRO-cap pipeline
C.griseus-CHO_GROcap	Cricetulus griseus	CHO-K1 cells; untreated; cell culture	GSE159044	GSM4818116,GSM4818117	SRR12774948,SRR12774949	manifest (already resolved)	CriGri-PICRH-1.0	GCA_003668045.2	5′GRO-seq / GRO-cap	GRO-cap-equivalent	conditional	2	pending ENCODE PRO-cap pipeline
C.griseus-kidney_GROcap	Cricetulus griseus	kidney; untreated; not reported	GSE159044	GSM4818118	SRR12774950	manifest (already resolved)	CriGri-PICRH-1.0	GCA_003668045.2	5′GRO-seq / GRO-cap	GRO-cap-equivalent	conditional	1	pending ENCODE PRO-cap pipeline
C.griseus-liver_GROcap	Cricetulus griseus	liver; untreated; not reported	GSE159044	GSM4818119	SRR12774951	manifest (already resolved)	CriGri-PICRH-1.0	GCA_003668045.2	5′GRO-seq / GRO-cap	GRO-cap-equivalent	conditional	1	pending ENCODE PRO-cap pipeline
C.griseus-lung_GROcap	Cricetulus griseus	lung; untreated; not reported	GSE159044	GSM4818120	SRR12774952	manifest (already resolved)	CriGri-PICRH-1.0	GCA_003668045.2	5′GRO-seq / GRO-cap	GRO-cap-equivalent	conditional	1	pending ENCODE PRO-cap pipeline
C.reinhardtii-liquidculture_5GRO	Chlamydomonas reinhardtii	liquid culture; untreated; late-log culture	GSE233927	GSM7439223,GSM7439224	SRR24798072,SRR24798065	manifest (already resolved)	Chlamydomonas_reinhardtii_v5.5	GCA_000002595.3	5′GRO-seq	GRO-cap-equivalent	conditional	2	pending ENCODE PRO-cap pipeline
P.patens-plateculture_5GRO	Physcomitrium patens	plate culture; untreated; plate culture	GSE233927	GSM7439241	SRR24798050	manifest (already resolved)	Phypa_V3	GCA_000002425.2	5′GRO-seq	GRO-cap-equivalent	conditional	1	pending ENCODE PRO-cap pipeline
S.moellendorffii-stemleaf_5GRO	Selaginella moellendorffii	stems and leaves; untreated; stems/leaves after 1 week growth	GSE233927	GSM7439248	SRR24798043	manifest (already resolved)	v1.0	GCA_000143415.1	5′GRO-seq	GRO-cap-equivalent	conditional	1	pending ENCODE PRO-cap pipeline
M.musculus-MEF_CoPRO	Mus musculus	mouse embryonic fibroblasts; no heat shock; cell culture	GSE116472	GSM3239707	SRR7458428	manifest (already resolved)	mm10	GCA_000001635.2	CoPRO (capped fraction)	PRO-cap variant	conditional	1	pending ENCODE PRO-cap pipeline
M.musculus-MEF-HS_CoPRO	Mus musculus	mouse embryonic fibroblasts; 60 min heat shock at 42 °C; cell culture	GSE116472	GSM3239708	SRR7458429	manifest (already resolved)	mm10	GCA_000001635.2	CoPRO (capped fraction)	PRO-cap variant	conditional	1	pending ENCODE PRO-cap pipeline
G.arboreum-ovule_GROcap	Gossypium arboreum	ovule outer integument; G. arboreum cv. Shixiya1 (diploid AA); ovule outer integument protoplasts	PRJCA024429	SAMC4531003,SAMC4531004	DRR991139,DRR991140	sample_name ~ sample_alias (unique)	ASM2569848v2	GCF_025698485.1	GRO-cap	GRO-cap	conditional	2	pending ENCODE PRO-cap pipeline
G.hirsutum-ovule_GROcap	Gossypium hirsutum	ovule outer integument; G. hirsutum cv. Xuzhou 142 (tetraploid AD); ovule outer integument protoplasts	PRJCA024429	SAMC4531001,SAMC4531002	DRR991137,DRR991138	sample_name ~ sample_alias (unique)	Gossypium_hirsutum_v2.1	GCF_007990345.1	GRO-cap	GRO-cap	conditional	2	pending ENCODE PRO-cap pipeline
