chrom,fold
GWHFIHF00000001.1,0
GWHFIHF00000006.1,0
GWHFIHF00000011.1,0
GWHFIHF00000016.1,0
GWHFIHF00000021.1,0
GWHFIHF00000026.1,0
GWHFIHF00000002.1,1
GWHFIHF00000007.1,1
GWHFIHF00000012.1,1
GWHFIHF00000017.1,1
GWHFIHF00000022.1,1
GWHFIHF00000003.1,2
GWHFIHF00000008.1,2
GWHFIHF00000013.1,2
GWHFIHF00000018.1,2
GWHFIHF00000023.1,2
GWHFIHF00000004.1,3
GWHFIHF00000009.1,3
GWHFIHF00000014.1,3
GWHFIHF00000019.1,3
GWHFIHF00000024.1,3
GWHFIHF00000005.1,4
GWHFIHF00000010.1,4
GWHFIHF00000015.1,4
GWHFIHF00000020.1,4
GWHFIHF00000025.1,4
